ID,text,food,restaurant,atmosphere,drinks,location,service
1004293:0,"Judging from previous posts this used to be a good place, but not any longer.",0,1,0,0,0,0
1004293:1,"We, there were four of us, arrived at noon - the place was empty - and the staff acted like we were imposing on them and they were very rude.",0,0,0,0,0,1
1004293:2,"They never brought us complimentary noodles, ignored repeated requests for sugar, and threw our dishes on the table.",0,0,0,0,0,1
1004293:4,"After all that, they complained to me about the small tip.",0,0,0,0,0,1
1004293:5,Avoid this place!,0,1,0,0,0,0
1014458:0,"I have eaten at Saul, many times, the food is always consistently, outrageously good.",1,0,0,0,0,0
1014458:1,Saul is the best restaurant on Smith Street and in Brooklyn.,0,1,0,0,0,0
1014458:3,The wine list is interesting and has many good values.,0,0,0,1,0,0
1014458:4,"For the price, you cannot eat this well in Manhattan.",1,1,0,0,0,0
1016296:0,I was very disappointed with this restaurant.,0,1,0,0,0,0
1016296:1,Ive asked a cart attendant for a lotus leaf wrapped rice and she replied back rice and just walked away.,0,0,0,0,0,1
1016296:2,I had to ask her three times before she finally came back with the dish Ive requested.,0,0,0,0,0,1
1016296:3,"Food was okay, nothing great.",1,0,0,0,0,0
1016296:5,I/we will never go back to this place again.,0,1,0,0,0,0
1028246:0,"Went on a 3 day oyster binge, with Fish bringing up the closing, and I am so glad this was the place it O trip ended, because it was so great!",0,1,0,0,0,0
1028246:2,You can't go wrong here.,0,1,0,0,0,0
1032695:0,Every time in New York I make it a point to visit Restaurant Saul on Smith Street.,0,1,0,0,0,0
1032695:2,I had the duck breast special on my last visit and it was incredible.,1,0,0,0,0,0
1032695:3,Can't wait wait for my next visit.,0,1,0,0,0,0
1041457:1,And I hate to say this but I doubt I'll ever go back. ,0,1,0,0,0,0
1041457:3,The only thing I moderately enjoyed was their Grilled Chicken special with Edamame Puree.,1,0,0,0,0,0
1041457:4,I had never had Edamame pureed before but I thought it was innovative and tasty (could've used a bit more salt).,1,0,0,0,0,0
1053543:4,We went around 9:30 on a Friday and it had died down a bit by then so the service was great!,0,0,0,0,0,1
1055910:0,we love th pink pony.,0,1,0,0,0,0
1055910:1,THe perfect spot.,0,1,0,0,0,0
1055910:2,Food-awesome.,1,0,0,0,0,0
1055910:3,Service- friendly and attentive.,0,0,0,0,0,1
1055910:4,Ambiance- relaxed and stylish.,0,0,1,0,0,0
1055910:5,"Don't judge this place prima facie, you have to try it to believe it, a home away from home for the literate heart.",0,1,0,0,0,0
1058221:2,the food is decent.,1,0,0,0,0,0
1058221:3,"however, it's the service that leaves a bad taste in my mouth.",0,0,0,0,0,1
1058221:4,"i happen to have a policy that goes along with a little bit of self-respect, which includes not letting a waiter intimidate me, i.e. make me feel bad asking for trivialities like water, or the check.",0,0,0,0,0,1
1058221:5,"i know, you were too busy showing off your vintage tee shirt and looking bored, but my agenda is i'm here to eat and enjoy the company of friends, seeking a pleasant experience.",0,0,0,0,0,1
1058221:6,"well, i didn't find it there, and trust, i have told everyone i can think of about my experience. ",0,1,0,0,0,0
1058221:7,the last time i walked by it looked pretty empty. hmmm.,0,1,0,0,0,0
1062641:0,This place has got to be the best japanese restaurant in the new york area.,0,1,0,0,0,0
1062641:1,I had a great experience.,0,1,0,0,0,0
1062641:2,Food is great.,1,0,0,0,0,0
1062641:3,Service is top notch.,0,0,0,0,0,1
1062641:4,I have been going back again and again.,0,1,0,0,0,0
1064477:0,"I tend to judge a sushi restaurant by its sea urchin, which was heavenly at sushi rose.",1,0,0,0,0,0
1064477:1,"It melted in my little mouth and the perfect consistency-not too fishy, creamy, and slightly buttery.",1,0,0,0,0,0
1064477:2,The sushi seemed pretty fresh and was adequately proportioned.,1,0,0,0,0,0
1064477:3,The rice to fish ration was also good--they didn't try to overpack the rice.,1,0,0,0,0,0
1064477:4,We took advanatage of the half price sushi deal on saturday so it was well worth it.,1,0,0,0,0,0
1074868:2,Surprisingly nothing could be further from the truth.,0,1,0,0,0,0
1074868:3,"In the evening, this place attracted a well dressed, with it, NY crowd.",0,1,0,0,0,0
1074868:5,I'm going back.,0,1,0,0,0,0
1084394:1,Quite simply it's like stepping out of Manhattan and into a haven of tranquility.,0,0,1,0,0,0
1084394:3,The Prix Fixe menu is worth every penny and you get more than enough (both in quantity AND quality).,1,0,0,0,0,0
1084394:4,I will be going back and heartily recommend it!,0,1,0,0,0,0
1086415:1,"It is terrific, as is the value.",1,0,0,0,0,0
1086415:2,"$6 and there is much tasty food, all of it fresh and continually refilled.",1,0,0,0,0,0
1086415:3,"I am not a vegetarian but, almost all the dishes were great.",1,0,0,0,0,0
1086415:5,Go hungry and enjoy.,0,1,0,0,0,0
1086478:2,"The service varys from day to day- sometimes they're very nice, and sometimes not.",0,0,0,0,0,1
1086478:3,"The kitchen however, is almost always slow.",0,0,0,0,0,1
1086478:4,"Also, specify if you like your food spicy- its rather bland if you don't.",1,0,0,0,0,0
1090587:1,If you've ever been along the river in Weehawken you have an idea of the top of view the chart house has to offer.,0,0,0,0,1,0
1090587:3,The lava cake dessert was incredible and I recommend it.,1,0,0,0,0,0
1102681:0,"Once you step into Cosette, you're miraculously in a small, off-the-beaten path Parisian bistro.",0,0,1,0,0,0
1102681:1,"This tiny restaurant is as cozy as it gets, with that certain Parisian flair.",0,0,1,0,0,0
1118167:1,IT WAS HORRIBLE.,0,1,0,0,0,0
1118167:3,It looked like shredded cheese partly done - still in strips.,1,0,0,0,0,0
1119578:0,This has got to be one of the most overrated restaurants in Brooklyn.,0,1,0,0,0,0
1119578:1,The pizza is overpriced and soggy.,1,0,0,0,0,0
1119578:3,"A big disappointment, all around.",0,1,0,0,0,0
1123262:0,I think I've had some the best meals of my life at minnow.,1,0,0,0,0,0
1123262:2,The combination of super-fresh ingredients in the dishes are unusual but really delicious.,1,0,0,0,0,0
1123262:3,Worth the trip from Manhattan.,0,1,0,0,0,0
1125006:3,My wife had the fried shrimp which are huge and loved it.,1,0,0,0,0,0
1125284:0,"As a Japanese native, I've lived in the Tristate area for over 8 years, but I was just so amazed at this place.",0,1,0,0,0,0
1125284:1,This place is the most Japanese it can ever get.,0,1,0,0,0,0
1125284:3,This place is worth an one-hour drive.,0,1,0,0,0,0
1125284:4,"I am so coming back here again, as much as I can.",0,1,0,0,0,0
1126814:1,"My wife and I always enjoy the young, not always well trained but nevertheless friendly, staff, all of whom have a story.",0,0,0,0,0,1
1126814:3,Decent wine at reasonable prices.,0,0,0,1,0,0
1126814:4,Have been dozens of times and never failed to enjoy the experience.,0,1,0,0,0,0
1126814:5,"Our teenage kids love it, too.",0,1,0,0,0,0
1126886:0,"Everytime I decide to try another place on the UES, I get angry that I didn't just go to Zucchero Pomodori.",0,1,0,0,0,0
1126886:1,This is by far my favorite place in the neighborhood.,0,1,0,0,0,0
1126886:4,I'm partial to the Gnocchi.,0,1,0,0,0,0
1131595:0,This place is incredibly tiny.,0,1,0,0,0,0
1131595:1,They refuse to seat parties of 3 or more on weekends.,0,0,0,0,0,1
1131595:2,The hostess is rude to the point of being offensive.,0,0,0,0,0,1
1131595:3,The food was bland oily.,1,0,0,0,0,0
1131595:4,I just don't understand all the hype...,0,1,0,0,0,0
1138996:2,"We were worried we would have trouble getting in, but somehow managed to have a short wait.",0,0,0,0,0,1
1138996:3,As always we had a great glass of wine while we waited.,0,0,0,1,0,0
1138996:4,"When we sat, we got great and fast service.",0,0,0,0,0,1
1138996:5,The people that work there are always so friendly you forget you are in New York sometimes.,0,0,0,0,0,1
1138996:6,Make sure you try this place as often as you can.,0,1,0,0,0,0
1145510:0,This is a fun restaurant to go to.,0,1,0,0,0,0
1145510:2,But the pizza is way to expensive.,1,0,0,0,0,0
1147082:0,I went there for lunch and it was not as good as I expected from the reviews I read.,1,0,0,0,0,0
1147082:3,I don't think I would go again.,0,1,0,0,0,0
1147211:0,This place is great.,0,1,0,0,0,0
1147211:1,I had a huge group for my birthday and we were well taken care of.,0,0,0,0,0,1
1147211:3,"Service was prompt, friendly and great.",0,0,0,0,0,1
1147211:4,Slightly on the pricey side but worth it!,0,1,0,0,0,0
1153034:1,"There was a small wait, but shorter than I expected.",0,0,0,0,0,1
1153034:2,Located at the end of a magnificent block.,0,0,0,0,1,0
1153034:3,Very cozy and warm inside.....,0,0,1,0,0,0
1153034:4,I will be back!,0,1,0,0,0,0
1154550:0,This is the best sushi in new york city - hands down.,1,0,0,0,0,0
1154550:2,Get the tuna of gari.,1,0,0,0,0,0
1162037:1,"With the great variety on the menu , I eat here often and never get bored .",1,0,0,0,0,0
1162037:3,It's all about the food !!,1,0,0,0,0,0
1167434:1,first it took us a long time to find the place.,0,1,0,0,0,0
1167434:3,"but when we looked at the menu, there weren't a lot of choices, most of them were dumplings in the appetizer section.",1,0,0,0,0,0
1167434:6,"they were dry and disgusting, i didn't even finish my first piece.",1,0,0,0,0,0
1175958:0,Hurley's is like Cheers where everyone knows your name and they are ACTUALLY glad you came.,0,0,0,0,0,1
1175958:1,"Try the crunchy tuna, it is to die for.",1,0,0,0,0,0
1175958:2,"Try everything for that matter, it is all good.",1,0,0,0,0,0
1175958:3,I have been going there since it opened and I can't get enough.,0,1,0,0,0,0
1189674:0,First went here to enjoy their garden terrace.,0,0,1,0,0,0
1189674:2,"The Steak Tartare is a great bet, they fix it for you at the table.",1,0,0,0,0,0
1189674:6,"Have recommended the place to friends, always gets good response.",0,1,0,0,0,0
1199292:3,I take all my NYC guests to VT's.,0,1,0,0,0,0
1199480:1,I've been there three times and have always had wonderful experiences.,0,1,0,0,0,0
1205520:0,I'm not sure where the other reviewers ate but it seems as if we visited two different restaurants because my friends and I all enjoy Mizu very much... and we're repeat customers.,0,1,0,0,0,0
1205520:1,Even after they overcharged me the last time I was there.,0,0,0,0,0,1
1205520:2,Make sure you have the Spicy Scallop roll.. .,1,0,0,0,0,0
1205520:3,it's delicious!,1,0,0,0,0,0
1212346:1,"Took my mom for Mother's Day, and the maitre d' was pretty rude.",0,0,0,0,0,1
1212346:2,"Told us to sit anywhere, and when we sat he said the table was reserved.",0,0,0,0,0,1
1212346:3,Stepped on my foot on the SECOND time he reached over me to adjust lighting.,0,0,0,0,0,1
1212346:4,Tiny dessert was $8.00...just plain overpriced for what it is.,1,0,0,0,0,0
1221938:1,Try their chef's specials-- they are to die for.,1,0,0,0,0,0
1221938:2,"Service is not exactly five star, but thats not really a big deal.",0,0,0,0,0,1
1221938:3,Downstairs lounge is always a good attraction,0,0,1,0,0,0
1225162:0,"Raga's is a romantic, cozy restaurant.",0,0,1,0,0,0
1225162:1,The exotic food is beautifully presented and is a delight in delicious combinations.,1,0,0,0,0,0
1225162:2,It is also extremely well priced.,1,0,0,0,0,0
1225162:3,The staff is incredibly helpful and attentive.,0,0,0,0,0,1
1225162:5,This is one of my favorite restaurants and it is not to be missed.,0,1,0,0,0,0
1225162:6,Your friends will thank you for introducing them to this gem!,0,1,0,0,0,0
1227999:0,"When we stumbled on Leon, we thought that we had found quite the gem BUT, we were certainly wrong.",0,1,0,0,0,0
1227999:1,"The waitress moved our table practically into the bathroom and when we asked to cancel our dinner orders because we did not want to eat sitting on the toilet, we were told no...",0,0,0,0,0,1
1227999:2,"Then, to top things off, she dropped used silverware on my boyfriend's jacket and did not stop to apologize or clean the mess that was left on clothes. ",0,0,0,0,0,1
1227999:3,Such a disappointment...,0,0,0,0,0,1
1230993:0,I had a grat time at Jekyll and Hyde!,0,1,0,0,0,0
1230993:2,Our server was very helpful and friendly.,0,0,0,0,0,1
1230993:3,I am bringing my whole family back next time.,0,1,0,0,0,0
1230993:4,The food was good too.,1,0,0,0,0,0
1232468:1,The outdoor atmosphere of sitting on the sidewalk watching the world go by 50 feet away on 6th avenue on a cool evening was wonderful.,0,0,0,0,1,0
1232468:2,"Inside is a little cramped, but to be expected.",0,0,1,0,0,0
1232468:3,Service was prompt and courteous.,0,0,0,0,0,1
1232468:4,This was a repeat visit and we'll definitely be back again.,0,1,0,0,0,0
1241906:1,Prices are in line.,0,1,0,0,0,0
1241906:3,But too far east!,0,0,0,0,1,0
1253117:2,"Two complaints- their appetizer selection stinks, it would be nice to get some mozzarella sticks on the menu.",1,0,0,0,0,0
1253117:3,"Also, because it is so thin, it gets cold very quickly and its not that filling.",1,0,0,0,0,0
1256373:0,By far the best salad I have had in a fast food restaurant.,1,0,0,0,0,0
1256373:1,fine dining restaurant quality.,1,0,0,0,0,0
1256373:2,Over 100 different choices to create your own.,1,0,0,0,0,0
1256373:3,A must try!,0,1,0,0,0,0
1264954:0,"On a recent Sunday afternoon, a friend and I accidently found this great restaurant on our way to see the pulitzer prize winning play DOUBT.",0,1,0,0,0,0
1264954:1,"This was the perfect quiet, relaxing, and delicious accompaniment to our afternoon of theater.",1,0,1,0,0,0
1264954:3,"With so many poor experiences to be had in the theater district, is truly an excellent find!",0,1,0,0,0,0
1264954:4,We will return many times for this oasis in mid-town.,0,1,0,0,0,0
1269216:1,The staff is no nonsense.,0,0,0,0,0,1
1269216:2,The food options rule.,1,0,0,0,0,0
1269216:3,When I lived upstate for a while I would buy freeze the bagels and they would still be better than any else.,1,0,0,0,0,0
1269216:4,Worth visiting the 1st Ave spot because it is the original store.,0,1,0,0,0,0
1275154:4,"He served me an Uni Hand roll, which I never had before, and let me tell you...IT WAS HEAVEN!",1,0,0,0,0,0
1275154:6,The sake menu should not be overlooked!,0,0,0,1,0,0
1275154:7,"All in all, this midtown gem instantly became one of my favorite sushi restaurants in the city.",0,1,0,0,0,0
1280166:1,"Service was very good - prompt, attentive and non-intrusive.",0,0,0,0,0,1
1280179:0,"I've been to at Cafe Spice probably 5-8 times, it is probably still the best Indian restaurant around Union Square.",0,1,0,0,0,0
1280179:1,"To sum it up: Service varies from good to mediorce, depending on which waiter you get; generally it is just average Ok. ",0,0,0,0,0,1
1280179:2,"Seating is always prompt, though the restaurant does fill up in the evening.",0,0,0,0,0,1
1280179:4,"As many other reviewers noticed, your order is often slow to arrive - this is particularly true in the evening but is not a problem during lunch time.",0,0,0,0,0,1
1286916:0,I have NEVER been disappointed in the Red Eye.,0,1,0,0,0,0
1286916:3,It's simply the best meal in NYC.,1,0,0,0,0,0
1286916:4,You cannot go wrong at the Red Eye Grill.,0,1,0,0,0,0
1287538:0,"If we were to move from the upper east side, we would genuinely miss this restaurant.",0,1,0,0,0,0
1287538:2,The restaurant is cute but not upscale.,0,0,1,0,0,0
1287538:4,I would highly recommend it.,0,1,0,0,0,0
1287538:5,It's one of our favorite places to eat in NY.,0,1,0,0,0,0
1289424:0,We had a great time at the Jekyll and hyde Pub last night.,0,1,0,0,0,0
1289424:2,After really enjoying ourselves at the bar we sat down at a table and had dinner.,0,1,0,0,0,0
1289424:3,The server was really cool and served us our food and drinks with a smile.,0,0,0,0,0,1
1289424:5,I highly recommend visiting this restaurant and having dinner and drinks!,0,1,0,0,0,0
1293334:0,"If you are the type of person who likes being scared and entertained, this is a great place to go and eat.",0,1,0,0,0,0
1293334:1,"My husband and I thougt it would be great to go to the Jekyll and Hyde Pub for our anniversary, and to our surprise it was fantastic.",0,1,0,0,0,0
1293334:3,The entertainment was great they have shows that go on through out the dinner.,0,0,1,0,0,0
1293334:4,"Please take my advice, go and try this place.",0,1,0,0,0,0
1293334:6,You will not be disapointed at all.,0,1,0,0,0,0
1297844:1,We were not dissappointed in the least bit by this little gem.,0,1,0,0,0,0
1297844:2,The bagel was huge.,1,0,0,0,0,0
1297844:3,They were served warm and had a soft fluffy interior.,1,0,0,0,0,0
1297844:4,The workers there also absolutely load the bagel with cream cheese (gets a little messy).,1,0,0,0,0,0
1297844:5,I loved it and would HIGHLY RECOMMEND.,0,1,0,0,0,0
1303888:0,All the staff is absolutely professional!! ,0,0,0,0,0,1
1303888:2,But they do.,0,0,0,0,0,1
1303888:3,"(that is A MUST, but not every restaurant can do...) ",0,0,0,0,0,1
1303888:5,"There's nice and quiet, small but enough for 6 (or more).",0,0,1,0,0,0
1303984:0,This restaurant was way overhyped.,0,1,0,0,0,0
1303984:1,My chow fun and chow see was really bland and oily.,1,0,0,0,0,0
1303984:2,Okay-i don't mind the oily part (cause most are cooked that way) but it was way too bland.,1,0,0,0,0,0
1308557:2,I definitely wouldn't go back.,0,1,0,0,0,0
1318537:1,"great for a romantic evening, or a fun evening with friends...",0,1,1,0,0,0
1318537:2,I will be going back very soon.,0,1,0,0,0,0
1318537:3,keep up the good work.,0,1,0,0,0,0
1318537:4,Hats off to the chef.,1,0,0,0,0,0
1328078:2,It was wonderful.,0,1,0,0,0,0
1328078:3,"the salads are delicious, both refreshing and very spicy.",1,0,0,0,0,0
1328078:4,We had Pam's special fried fish and it was amazing.,1,0,0,0,0,0
1328078:5,too large for just two people but nothing was left.,1,0,0,0,0,0
1335154:1,"Great vibe, lots of people.",0,0,1,0,0,0
1335154:3,"My husbands was perfect, my was well done and dry.",1,0,0,0,0,0
1335154:4,"I didn't complain, I liked the atmosphere so much.",0,0,1,0,0,0
1335656:1,On a hot day it was fabulous to stop in and enjoy lunch.,0,1,0,0,0,0
1335656:3,Salads were fantastic.,1,0,0,0,0,0
1335656:4,Although we were looking for regular lettuce and some walnuts the salads we got were great.,1,0,0,0,0,0
1335656:5,Ingredients are organic which is a real plus for me.,1,0,0,0,0,0
1335656:6,We will be back.,0,1,0,0,0,0
1338124:0,"This is some really good, inexpensive sushi.",1,0,0,0,0,0
1338124:2,The spicy Tuna roll is huge and probably the best that I've had at this price range.,1,0,0,0,0,0
1338124:3,The Yellowtail was particularly good as well.,1,0,0,0,0,0
1338124:4,"I have reservations about the all you can eat deal, however -- the choices are fairly limited and you can probably order more food than you can eat for less than $18 by just going off the menu.",1,0,0,0,0,0
1338124:5,"In any event, this is a place I'll be sure to stop by again when I'm in this part of town.",0,1,0,0,0,0
1340075:0,Big Wong gets big Ups for a fine establishment.,0,1,0,0,0,0
1340075:3,The food is prepared quickly and efficiently.,0,0,0,0,0,1
1340075:5,The takeout is great too since they give high quality tupperware as well.,0,0,0,0,0,1
1340075:6,This place is always very crowded and popular.,0,1,0,0,0,0
1341354:4,We'd go back again,0,1,0,0,0,0
1347423:0,I recently went to this restaurant with some co-workers for lunch and had an amazing time.,0,1,0,0,0,0
1347423:2,We even had a visit from the Manager who wanted to make sure we were enjoying ourselves.,0,0,0,0,0,1
1347423:3,"Yes, the prices are high, but I felt it was worth it.",0,1,0,0,0,0
1347423:4,We all felt it was worth it.,0,1,0,0,0,0
1349391:2,it is not consistent.,0,1,0,0,0,0
1352948:1,And where does Patis go wrong; no where. ,0,1,0,0,0,0
1352948:2,"You are not eating haut cuisine with subtle hints of whatever but: Cassuolet, Steake Fritte, Tripe Stew, etc; simple stuff.",1,0,0,0,0,0
1352948:3,And evaluated on those terms Pastis is simply wonderful.,0,1,0,0,0,0
1353599:2,My friend got the mushroom pizza which tasted better.,1,0,0,0,0,0
1353599:3,The sangria was pretty tasty and good on a hot muggy day.,0,0,0,1,0,0
1353599:4,Kind of a small place but I guess if they are not too busy might be able to fit a group or kids.,0,1,0,0,0,0
1353599:5,Overall I would recommend it and go back again.,0,1,0,0,0,0
1357554:0,I started out with a Bombay beer which was big enough for two.,0,0,0,1,0,0
1357554:2,MMmmm... it was delicious.,1,0,0,0,0,0
1357554:4,It's a nice place to relax and have conversation.,0,0,1,0,0,0
1357554:5,I can't wait to go back.,0,1,0,0,0,0
1367358:1,The food is authentic Italian - delicious!,1,0,0,0,0,0
1380450:0,I'm still mad that i had to pay for lousy food.,1,0,0,0,0,0
1380450:3,DO not try unless you're just going there to hang out like the rest of the hipsters who apparently have no sense of taste.,0,1,0,0,0,0
1387314:0,I go and eat out at many different restaurants and this is one place you have go and try.,0,1,0,0,0,0
1387314:2,The filet mignon dish was superb!,1,0,0,0,0,0
1387314:3,I would defiantly come back here again as one of my top choices.,0,1,0,0,0,0
1387314:4,It's a small cute restaurant.,0,0,1,0,0,0
1390357:0,I absolutely love this place!!!,0,1,0,0,0,0
1390357:2,"I like the ambience, it's very dark and original.",0,0,1,0,0,0
1390357:4,The sushi is amazing!!! ,1,0,0,0,0,0
1390357:5,And amazingly cheap.,1,0,0,0,0,0
1390357:6,Big thumbs up!,0,1,0,0,0,0
1394712:1,We ordered some beef and noodle soup dishes from the Thai section of the menu but nothing we got was Thai.,1,0,0,0,0,0
1394712:2,We were very disappointed.,1,0,0,0,0,0
1394712:3,We won't go to this place again for a good meal.,1,0,0,0,0,0
1394712:4,"However, I think this place is a good hang out spot.",0,0,1,0,0,0
1395421:0,My Girlfriend and I stumbled onto this hopping place the other night and had a great time!,0,1,0,0,0,0
1395421:2,It is one the nicest outdoor restaurants I have ever seen in NY--I am from Italy and this place rivals the ones in my country.,0,0,1,0,0,0
1395421:3,"They tell me they are going to cover the garden in glass for the winter, so i'm looking forward to going there on a snowy night to enjoy it.",0,1,0,0,0,0
1395421:4,Check this place out!,0,1,0,0,0,0
1395421:5,HIGHLY RECOMMENDED!!!!!,0,1,0,0,0,0
1398844:0,"First of all, this place is *not* romantic, as claimed by Citysearch's editorial review.",0,0,1,0,0,0
1398844:1,"Either that, or the editor's idea of romance must be sharing a conversation with the next table, while trying to speak louder than the traffic on 57th.",0,0,1,0,0,0
1398844:3,Slightly above average wines start at $70+ with only one selection listed at $30+.,0,0,0,1,0,0
1398844:4,Service is not what one would expect from a joint in this price category.,0,0,0,0,0,1
1398844:5,"For instance, plates were just dumped on the table, I was handed the wine list upside down, etc.... ",0,0,0,0,0,1
1398844:6,Somehow working the italian charm with constant mille grazie does not constitute proper service.,0,0,0,0,0,1
1404042:2,Fish was overdone.,1,0,0,0,0,0
1404042:4,Someone else recommended the dessert - we also left that.,1,0,0,0,0,0
1404042:5,One of us actually liked the expresso - that's it.,0,0,0,1,0,0
1404042:6,"Skip this restaurant, it's a big disappointment.",0,1,0,0,0,0
1410878:0,Myagi is one of my favorite restaurants in the City; the place the negative reviews describe sound like they were somewhere else.,0,1,0,0,0,0
1410878:2,Their tuna tartar appetizer is to die for.,1,0,0,0,0,0
1413697:0,"I come from a family of pizzeria owners, and I'm almost ashamed to say that the pizza in Fornino's blows my families receipies away.",1,0,0,0,0,0
1413697:1,It is simply amazing.,1,0,0,0,0,0
1413697:3,I highly recommend to anyone to give this place a try.,0,1,0,0,0,0
1413697:4,You will find yourself returning quite often.,0,1,0,0,0,0
1417496:1,No gimmicks here -- the food speaks for itself in its freshness and preparation.,1,0,0,0,0,0
1417496:2,The dining room is quietly elegant with no music to shout over -- how refreshing!,0,0,1,0,0,0
1417496:5,Beautiful experience.,0,1,0,0,0,0
1430994:1,The staff offers impeccable service.,0,0,0,0,0,1
1430994:2,I had Lobster Bisque it has 2 oz. of Maine Lobster in it.,1,0,0,0,0,0
1430994:5,It was divine melts in your mouth.,1,0,0,0,0,0
1430994:6,My boyfriend had Prime Rib it was good .,1,0,0,0,0,0
1430994:7,We didn't want a bottle of bubbly on a weekday so we each got little bottles of Korbett it was just enough. ,0,0,0,1,0,0
1430994:9,It's cuz it's so good you need to taste it!!! ,1,0,0,0,0,0
1430994:10,All in all we're already coming up with excuses to go ahead really soon in the next few wks!!!!,0,1,0,0,0,0
1431154:0,My wife and I ate here earlier this week and have not stopped ranting and raving about the food.,1,0,0,0,0,0
1431154:1,If you like spicy food get the chicken vindaloo.,1,0,0,0,0,0
1431154:2,It's very spicy but not offensive.,1,0,0,0,0,0
1431154:3,We will definitely go back.,0,1,0,0,0,0
1432551:2,The wine list is excellent.,0,0,0,1,0,0
1439875:5,Please be aware that it's CASH or AMEX only!,0,1,0,0,0,0
1448587:1,The menu is very limited - i think we counted 4 or 5 entrees.,1,0,0,0,0,0
1448587:2,"We ordered the special, grilled branzino, that was so infused with bone, it was difficult to eat.",1,0,0,0,0,0
1448587:3,"The decor in this place is very diner-ish and the kind of place you expect in the East Village - not romantic, just simple, small and sparse.",0,0,1,0,0,0
1448587:4,Problem is nothing at Prune is particularly memorable.,0,1,0,0,0,0
1448587:5,No plans to return anytime soon.,0,1,0,0,0,0
1451107:0,This place is so much fun.,0,0,1,0,0,0
1451107:1,Our family never expected such incredible entertainment in a restaurant.,0,1,0,0,0,0
1451107:4,Our food was great too!,1,0,0,0,0,0
1451107:5,And really large portions.,1,0,0,0,0,0
1451107:6,The staff was the friendliest that have seen in New York.,0,0,0,0,0,1
1451107:7,We will go back every time we are in the City.,0,1,0,0,0,0
1451109:0,If you want something really different than try Jekyll and Hyde.,0,1,0,0,0,0
1451109:1,It is a lot of fun with live entertainment and all kinds of Disney type special effects.,0,0,1,0,0,0
1451109:3,I highly recommend it.,0,1,0,0,0,0
1457607:0,The place is a lot of fun.,0,0,1,0,0,0
1457607:1,My six year old loved it.,0,1,0,0,0,0
1457607:2,The characters really make for an enjoyable experience.,0,0,1,0,0,0
1457607:3,"The food however, is what one might expect.",1,0,0,0,0,0
1457607:4,It is very overpriced and not very tasty.,1,0,0,0,0,0
1457607:5,"However, I think Jeckll and Hydes t is one of those places that is fun to do once.",0,1,0,0,0,0
1457607:6,We had a good time.,0,1,0,0,0,0
1459569:0,Went there with my wife and we had to wait for a table even though you could see there many that were empty with not reservation sigh on them.,0,0,0,0,0,1
1459569:1,Service was slow had to wait to order and get food although not crowded.,0,0,0,0,0,1
1459569:2,Drinks way over priced.,0,0,0,1,0,0
1460715:0,Great pizza for lunch place.,1,0,0,0,0,0
1460715:1,Service was quick.,0,0,0,0,0,1
1460715:2,The pizza was great.,1,0,0,0,0,0
1460715:3,And it was quick which is very important.,0,0,0,0,0,1
1460715:4,Have the iced tea.,0,0,0,1,0,0
1460715:5,It was wonderful.,0,0,0,1,0,0
1470286:1,Delivery is fast too.,0,0,0,0,0,1
1470286:3,A little overpriced but worth it once you take a bite.,1,0,0,0,0,0
1470334:1,Ess-A-Bagel (either by Sty-town or midtown) is by far the best bagel in NY.,1,0,0,0,0,0
1470334:2,"The bagels always warm, soft on the inside, crispy on the outside and enormous in size.",1,0,0,0,0,0
1470334:4,The lox is always fresh too.,1,0,0,0,0,0
1470334:5,Highly recommended to all!,0,1,0,0,0,0
1471273:2,Not impressed with the food.,1,0,0,0,0,0
1471273:3,Prices too high for this cramped and unappealing resturant.,0,1,1,0,0,0
1471273:4,Zero ambiance to boot.,0,0,1,0,0,0
1476493:0,I thought this place was totally overrated.,0,1,0,0,0,0
1476493:1,Everything we had was good or ok....but definitely nothing great.,0,1,0,0,0,0
1476493:3,"When you add it all together, it just doesn't seem worth it to me...especially considering the prices.",0,1,0,0,0,0
1477631:0,This is the BEST Shabu-Shabu Restaurant in the Try-State Area.,0,1,0,0,0,0
1477631:2,Thius is a must for anyone who loves Shabu-Shabu.,1,0,0,0,0,0
1486041:0,"The atmosphere is nothing special, but it feels like a Sushi establishment in Tokyo.",0,0,1,0,0,0
1486041:3,I must give it Yon out of Yon stars!,0,1,0,0,0,0
1486041:4,Taxan delicious!,1,0,0,0,0,0
1490757:0,"This restaurant was recommended by a local...as a matter of fact, he made the reservation for us and said we would not be disappointed!",0,1,0,0,0,0
1490757:3,"We liked it so much, that we will always make it a point to dine here when we visit New York.",0,1,0,0,0,0
1496205:2,There is a lot of variety even for people who eat vegetarian like me.,1,0,0,0,0,0
1496205:3,Try green curry with vegetables.,1,0,0,0,0,0
1496205:4,"The quantity is also very good, you will come out satisfied.",1,0,0,0,0,0
1496205:5,"The service is ok, some of the people didn't get what they asked for.",0,0,0,0,0,1
1496707:0,I was there on sat. for my birthday and we had an excellent time.,0,1,0,0,0,0
1496707:1,I had the best ravioli ever.,1,0,0,0,0,0
1496707:3,Moderate prices.,0,1,0,0,0,0
1496707:4,A little noise but I think that was because of our party!,0,0,1,0,0,0
1500453:1,This quaint and romantic trattoria is at the top of my Manhattan restaurant list.,0,1,1,0,0,0
1500453:5,A guaranteeed delight!,0,1,0,0,0,0
1506491:2,Check out the secret back room.,0,0,1,0,0,0
1506491:4,I pray it stays open forever.,0,1,0,0,0,0
1506491:5,Thank You Emilio.,0,1,0,0,0,0
1538149:1,The food was authentic.,1,0,0,0,0,0
1538149:2,I felt as though I were eating in Paris.,1,0,0,0,0,0
1538149:3,The service was excellent - friendly and attentive.,0,0,0,0,0,1
1538149:4,The prices are wonderfully low.,0,1,0,0,0,0
1538149:5,Very good wine choices.,0,0,0,1,0,0
1543345:1,Who has room for Cheesesticks with the best pizza in NYC!,1,0,0,0,0,0
1543345:3,Great staff.,0,0,0,0,0,1
1543345:4,Always great service!,0,0,0,0,0,1
1543345:5,I go twice a month!,0,1,0,0,0,0
1543345:6,Fantastic!,0,1,0,0,0,0
1561259:0,"The food is good, I can't lie.",1,0,0,0,0,0
1561259:1,But the staff was so horrible to us.,0,0,0,0,0,1
1561259:3,We were planning to get dessert but the waitress basically through the bill at us before we had a chance to order.,0,0,0,0,0,1
1561259:5,Save yourself the time and trouble and skip this one!,0,1,0,0,0,0
1572027:1,Amma is nothing special.,0,1,0,0,0,0
1572027:3,I ate here a week ago and found most dishes average at best and too expensive.,1,0,0,0,0,0
1572027:4,Will not be back.,0,1,0,0,0,0
1572033:2,This place is always packed.,0,1,0,0,0,0
1572033:4,"Most importantly, food is excellent.",1,0,0,0,0,0
1572033:5,Try the sea bass.,1,0,0,0,0,0
1572033:6,Highly recommended.,0,1,0,0,0,0
1573534:0,First of all Dal Bukhara Rocks.,1,0,0,0,0,0
1573534:3,I am happy i did the food was awsome.,1,0,0,0,0,0
1573534:4,JUST AWSOME.,1,0,0,0,0,0
1573534:7,but overall i give it a 10,0,1,0,0,0,0
1573534:8,10,0,1,0,0,0,0
1577714:1,Haru on Park S is simply disgusting.,0,1,0,0,0,0
1577714:3,"Quite frankly, this is some of the worst sushi I have ever tried.",1,0,0,0,0,0
1577714:4,Will never be back.,0,1,0,0,0,0
1586174:0,honestly the worst sushi my husband and i had in our entire lives.,1,0,0,0,0,0
1586174:2,not sure why this restaurant would be rated that highly.,0,1,0,0,0,0
1586174:3,the all-u-can-eat sushi is definitely in very poor quality.,1,0,0,0,0,0
1586174:6,the waitstaffs are nice though.,0,0,0,0,0,1
1586174:7,wont come back again for sure!,0,1,0,0,0,0
1603698:0,I have been to Roth's twice and both times were very disappointing.,0,1,0,0,0,0
1603698:2,"Both times I was extremely dissappointed by the service, which was boarderline rude.",0,0,0,0,0,1
1603698:3,They wouldnt even let me finish my glass of wine before offering another.,0,0,0,0,0,1
1603698:4,Much of the time it seems like they do not care about you.,0,0,0,0,0,1
1603698:5,"The dinner was ok, nothing I would have again.",1,0,0,0,0,0
1603698:6,"I had their eggs benedict for brunch, which were the worst in my entire life, I tried removing the hollondaise sauce completely that was how failed it was.",1,0,0,0,0,0
1606837:0,This was a great surprise.,0,1,0,0,0,0
1606837:2,The service was attentive.,0,0,0,0,0,1
1606837:3,I look forward to eating here again,0,1,0,0,0,0
1609375:0,Planet Thai is great!,0,1,0,0,0,0
1611489:0,"They forgot a sandwich, didn't include plastic forks, and didn't include pita with the hummus platter.",0,0,0,0,0,1
1611489:1,"Also, the sandwiches (nearing $7) didn't come with anything like chips or a side.",1,0,0,0,0,0
1611489:2,"Overall, not worth the money.",0,1,0,0,0,0
1615322:1,Chennai Garden is my favorite Indian restaurant in the city.,0,1,0,0,0,0
1615322:2,They have authentic Indian at amazin prices.,1,0,0,0,0,0
1615322:3,This restaurant is VEGETARIAN; there are NO MEAT dishes whatsoever.,1,0,0,0,0,0
1615322:4,The seats are uncomfortable if you are sitting against the wall on wooden benches.,0,0,1,0,0,0
1615322:5,It's a rather cramped and busy restaurant and it closes early.,0,1,1,0,0,0
1623276:2,This is a nice restaurant if you are looking for a good place to host an intimate dinner meeting with business associates.,0,1,0,0,0,0
1623276:3,Not a great place for family or general dining.,0,1,0,0,0,0
1626564:0,LLOOVVE THIS PLACE.,0,1,0,0,0,0
1626564:1,Food is excellent.,1,0,0,0,0,0
1626564:2,Fish is so very fresh.,1,0,0,0,0,0
1626564:3,Waitstaff are very friendly.,0,0,0,0,0,1
1626564:4,Love YUKA.,0,1,0,0,0,0
1632445:4,The only fallback on this restaurant is the prices.,0,1,0,0,0,0
1632445:5,"Even though its good seafood, the prices are too high.",1,0,0,0,0,0
1632445:6,The lobster sandwich is $24 and although it was good it was not nearly enough to warrant that price.,1,0,0,0,0,0
1632929:2,We were very pleasantly surprised.,0,1,0,0,0,0
1632929:4,"When my dessert came, there was a candle in it - not because anyone asked for one - but because the waiter must have seen me opening my birthday card and gift, and said he knew it was a special occassion of some sort.",0,0,0,0,0,1
1632929:5,Truly the mark of an attentive waiter.,0,0,0,0,0,1
1632929:6,I highly recommend the restaurant based on our experience last night.,0,1,0,0,0,0
1642666:0,We ate at this Thai place following the reviews but very unhappy with the foods.,1,0,0,0,0,0
1642666:1,We thought that this place is using too much of MSG cooking in the foods.,1,0,0,0,0,0
1642666:3,"They don't concern much of customer's health, just want to make money.",0,1,0,0,0,0
1642666:4,please don't fool us.,0,1,0,0,0,0
1649025:3,"Of course, it is crowded but who cares.",0,1,0,0,0,0
1649025:4,Authentic Shanghai style and I cannot recommend a better Shanghai place in New York.,0,1,0,0,0,0
1655504:0,Have frequented 'ino for several years and the food remains excellent.,1,0,0,0,0,0
1655504:1,Cheese plate is a varied delight and great bargain at $10.,1,0,0,0,0,0
1655504:3,"(The asparagus, truffle oil, parmesan bruschetta is a winner!)",1,0,0,0,0,0
1655504:4,Wine list is extensive without being over-priced.,0,0,0,1,0,0
1655504:5,"Be sure to try the seasonal, and always delicious, specials.",1,0,0,0,0,0
1655504:6,Definitely a neighborhood favorite.,0,1,0,0,0,0
1655521:0,I loved this place!!,0,1,0,0,0,0
1655521:1,I almost hesititate to write a review because the atmosphere was so great and I would hate for it too become to crowded.,0,0,1,0,0,0
1655521:3,"The wait staff is very freindly, they make it feel like you're eating in a freindly little european town.",0,0,0,0,0,1
1660047:1,"The service was terrible, we had to wait for everything and ask several of different people for the same thing before we were allowed to be served.",0,0,0,0,0,1
1660047:2,"The waitress, seems to be more concerned of looking good than actually waitressing.",0,0,0,0,0,1
1660047:3,"After dinner the manager grabbed my boyfriend, asked him: Where are you from...maybe you dont know how things work in America...and in the end stormed away almost teareyed yelling that tips are the only thing they survive on.",0,0,0,0,0,1
1660047:4,"We did tip, I guess the model/waitress just wanted more and complained to the manager.",0,0,0,0,0,1
1661043:0,Pizza here is consistently good.,1,0,0,0,0,0
1661043:1,Salads are a delicious way to begin the meal.,1,0,0,0,0,0
1661043:2,You should pass on the calamari.,1,0,0,0,0,0
1661043:3,It is thick and slightly soggy.,1,0,0,0,0,0
1661043:4,Decor is charming.,0,0,1,0,0,0
1661043:5,Service is average.,0,0,0,0,0,1
1661757:0,What a great place.,0,1,0,0,0,0
1661757:3,"I wasn't thrilled to have to wait on line for thirty minutes, but I guess that's the price you pay for a popular place.",0,0,0,0,0,1
1661757:4,I would definitely recommend SEA if you like thai cuisine!,1,0,0,0,0,0
1662726:0,I was here a few weeks back and we had the worst customer service experience at a restaurant ever.,0,0,0,0,0,1
1662726:1,"A gentleman, maybe the manager, came to our table, and without so much as a smile or greeting asked for our order.",0,0,0,0,0,1
1662726:2,"When asked about how a certain dish was prepared in comparison to a similar at other thai restaurants, he replied this is not Mcdonald's, every place makes things differently ",0,0,0,0,0,1
1662726:3,"While it is understandable that every place is indeed different, there was not a need to be uncourteous to customers and downright rude.",0,0,0,0,0,1
1662726:5,Never again!,0,1,0,0,0,0
1663111:0,I absolutely Loved this place.,0,1,0,0,0,0
1663111:3,this is can became on e of the NY Italian Food fare institutions.,0,1,0,0,0,0
1663111:4,I think that it is absolutely brilliant and well runned business operation.,0,1,0,0,0,0
1663111:5,The wine list is also really nice.,0,0,0,1,0,0
1664346:2,I would highly recommend this place!,0,1,0,0,0,0
1671113:0,I have been to Casimir over 5 times and I have always had a great time there.,0,1,0,0,0,0
1671113:1,The food is great and reasonably priced.,1,0,0,0,0,0
1671113:2,"I have tried to make reservations, but both times, the hostess didn't have my name.",0,0,0,0,0,1
1671113:3,"If the weather is nice, try to snag an outside table.",0,0,1,0,0,0
1700205:0,My boyfriend and I went there to celebrate my birthday the other night and all I can say is that it was magnificent.,0,1,0,0,0,0
1700205:2,"Considering we were the last patrons there and it was after the closing time, the waitstaff did not rush us at all and made us feel comfortable and relaxed.",0,0,0,0,0,1
1702257:0,Nice Family owned traditional restaurant.,0,1,0,0,0,0
1702257:2,I was pleasantly surprised to find this gem in Hoboken.,0,1,0,0,0,0
1702257:3,Friendly staff that actually lets you enjoy your meal and the company you're with.,0,0,0,0,0,1
1706644:2,"I also ordered the Change Mojito, which was out of this world.",0,0,0,1,0,0
1706644:3,"My friends settled for rice dishes, but we came back the following day to try the dim sum, which was good...not outstanding, but good.",1,0,0,0,0,0
1706644:5,"Overall, excellent restaurant!",0,1,0,0,0,0
1707201:1,The food was good.,1,0,0,0,0,0
1707201:2,The place was nice and calm.,0,0,1,0,0,0
1707201:3,but the service was a bit slow.,0,0,0,0,0,1
1707741:1,The buffet had a nice selection.,1,0,0,0,0,0
1707741:3,Service was also very good.,0,0,0,0,0,1
1707741:4,I would go back.,0,1,0,0,0,0
1710746:2,My son and his girlfriend both wanted cheeseburgers and they were huge!,1,0,0,0,0,0
1710746:3,"But, they were too big for the bun.",1,0,0,0,0,0
1710746:4,"Consequently, their burgers fell apart in their hands and made such a mess that they did'nt feel like finishing them.",1,0,0,0,0,0
1710746:5,Also they were $15 each!,1,0,0,0,0,0
1710746:6,I had a huge pastrami sandwich on a roll.,1,0,0,0,0,0
1710746:7,It was $14 not really bad for a pound of Pastrami-but it didn't have much taste-I've had better for less elsewhere!,1,0,0,0,0,0
1713185:2,And the Tom Kha soup was pathetic.,1,0,0,0,0,0
1713185:3,If you want good authentic Thai this place is not the place to go.,1,0,0,0,0,0
1718513:0,"We went here for lunch a couple of weeks ago on a Saturday, and I was thoroughly impressed with the food.",1,0,0,0,0,0
1718513:2,"Conveniently located too, being right on Bedford ave.",0,0,0,0,1,0
1718513:3,"THe back garden sitting area is very pleasant, where you can see their personal herb garden.",0,0,1,0,0,0
1718513:4,I will definetly be going back.,0,1,0,0,0,0
1719567:0,We had the lobster sandwich and it was FANTASTIC.,1,0,0,0,0,0
1719567:4,We waited at the bar and had martinis that were just right.,0,0,0,1,0,0
1719567:5,We will be back.,0,1,0,0,0,0
1723402:0,love the food.,1,0,0,0,0,0
1723402:1,it's the only place you can get yummy authentic japanese comfort food.,1,0,0,0,0,0
1723402:3,and you can't beat the prices.,0,1,0,0,0,0
1723402:4,highly recommended.,0,1,0,0,0,0
1723658:0,I've lived in NY for 5 years and this place has it all.,0,1,0,0,0,0
1723658:3,I'm glad I was introduced to this place and this is a rare gem in NY.,0,1,0,0,0,0
1726001:2,Also very inexpensive.,0,1,0,0,0,0
1726001:3,A great choice at any cost and a great deal.,0,1,0,0,0,0
1726427:3,Definitely a great spot for a nice occasion or date.,0,1,0,0,0,0
1726473:1,I've waited over one hour for food.,0,0,0,0,0,1
1726473:2,They were very abrupt with me when I called and actually claimed the food was late because they were out of rice.,0,0,0,0,0,1
1726473:3,A Thai restaurant out of rice during dinner?,0,1,0,0,0,0
1727363:1,This is a wonderful place on all stand points especially value ofr money.,0,1,0,0,0,0
1727363:2,An excellent service,0,0,0,0,0,1
1728733:1,We were greeted promptly by the waiter who was very nice and cordial.,0,0,0,0,0,1
1728733:4,The food looked very appetizing and delicious since it came on a variety of fancy plates.,1,0,0,0,0,0
1728733:5,We ended our great experience by having Gulab Jamun (dessert) recommended by the waiter.,1,0,0,0,0,0
1728733:6,I thanked my friend who recommended me this restaurant and will certainly recommend it to others.,0,1,0,0,0,0
1730014:3,Will absolutely visit again.,0,1,0,0,0,0
1730127:0,You cannot go wrong with this place.,0,1,0,0,0,0
1730127:3,Go here.,0,1,0,0,0,0
1730127:4,Good for dates or with friends.,0,1,0,0,0,0
1730447:0,I am reluctant to write because I would not want my jem of a pizza place to become overcrowded.,0,1,0,0,0,0
1730447:1,"However, it is jus too good to not praise it.",0,1,0,0,0,0
1730447:2,"By far, the best pizza in Manhattan.",1,0,0,0,0,0
1746113:1,The menu has so many fish items and oysters.,1,0,0,0,0,0
1746113:3,"The fish was really,really fresh.",1,0,0,0,0,0
1746113:5,We all agreed that mare is one of the best seafood restaurants in New York.,0,1,0,0,0,0
1748813:0,I stumbled upon this great pizzeria as I explored my new neighborhood.,0,1,0,0,0,0
1748813:1,All of the pizzas are terrific and the price is even better!,1,0,0,0,0,0
1748813:2,I highly recommend the Sophia pizza.,1,0,0,0,0,0
1748813:3,It's to die for!,1,0,0,0,0,0
1748839:1,"Immediately after we paid, the waiter took the money and said, okay, you guys are outta here.",0,0,0,0,0,1
1748839:6,So rushing us out was absolutely unnecessary!,0,0,0,0,0,1
378848:1,"The first time the sushi was outstanding, the second time it was a little bland.",1,0,0,0,0,0
378848:2,I'm sure I'll return for a final judgement tho.,0,1,0,0,0,0
397331:0,Mizu is the Japenese find in Grammercy.,0,1,0,0,0,0
397331:2,Mizu is home to creative and unique rolls not to found anywhere else.,1,0,0,0,0,0
397331:4,Warning: You may find it difficult to dine at other Japanese restaurants after a visit to Mizu!,0,1,0,0,0,0
404464:1,I ordered the smoked salmon and roe appetizer and it was off flavor.,1,0,0,0,0,0
404464:3,I expected quite a bit more from such an expensive menu.,1,0,0,0,0,0
426805:1,Wonderful strawberry daiquiries as well!,0,0,0,1,0,0
426805:2,Definitely worth the trip to Battery Park City!,0,1,0,0,0,0
426805:3,One of my favorite places in Manhattan.,0,1,0,0,0,0
426930:0,Authentic Taiwanese food that's cheap... what more could you ask for?,1,0,0,0,0,0
426930:1,(Besides that there should be more restaurants like it around the city).,0,1,0,0,0,0
426930:2,The cold appetizer dishes taste like the way I remember them to taste when I was growing up in Taiwan.,1,0,0,0,0,0
430342:1,"Kind, attentive wait staff.",0,0,0,0,0,1
430342:3,My friend devoured her chicken and mashed potatos.,1,0,0,0,0,0
430342:4,Delicious crab cakes too.,1,0,0,0,0,0
430342:6,Great neighborhood joint.,0,1,0,0,0,0
433878:1,"Their calzones are horrific, bad, vomit-inducing, YUCK.",1,0,0,0,0,0
433878:2,They smell like they stuff them with old canned vegetables like the spinach mushroom calzone.,1,0,0,0,0,0
433878:3,The counter service is bad.,0,0,0,0,0,1
433878:4,They charge different prices all the time.,0,0,0,0,0,1
433878:5,"They're rude at times, and not very friendly.",0,0,0,0,0,1
433878:6,NO PIZZA 33 for me!,0,1,0,0,0,0
436868:0,"Anybody who likes this place must be from a different planet, where greasy, dry and tasteless are complimentary.",1,0,0,0,0,0
436868:1,"The dosas are skimpy, unattractive and drip with grease, and personally I'd drink popcorn topping before I'd eat another one of these.",1,0,0,0,0,0
436868:2,"The sandwiches are dry, tasteless and way overpriced.",1,0,0,0,0,0
444818:0,"Seriously, this place kicks ass.",0,1,0,0,0,0
444818:2,"Best Italian food I ever had (and being Italian, that means alot).",1,0,0,0,0,0
444818:3,"It is nearly impossible to get a table, so if you ever have the chance to go here for dinner, DO NOT pass it up.",0,1,0,0,0,0
445960:0,"This is such a lovely, peaceful place to eat outside.",0,0,1,0,0,0
445960:1,The restaurant looks out over beautiful green lawns to the Hudson River and the Statue of Liberty.,0,0,0,0,1,0
445960:2,"It is set far from the small street it's on, and there is no traffic noise.",0,0,0,0,1,0
445960:4,"This is a great place to take out-of-towners, and perfect for watching the sunset.",0,0,0,0,1,0
447697:0,Great sushi experience.,1,0,0,0,0,0
447697:1,Nice value.,0,1,0,0,0,0
447697:2,Unique apppetizers.,1,0,0,0,0,0
447697:3,Try sushimi cucumber roll.,1,0,0,0,0,0
449802:1,THE BIG COMPLAINT: NO TOASTING AVAILABLE.,0,0,0,0,0,1
449802:3,Murray won't do it.,0,0,0,0,0,1
449802:4,Won't or Can't is not in the service directory.,0,0,0,0,0,1
449802:5,But who says Murray's is anything about service.,0,0,0,0,0,1
449802:6,"So close, but not good enough.",0,1,0,0,0,0
454704:0,Don't be fooled by crowds of people.,0,1,0,0,0,0
454704:1,The service is awful.,0,0,0,0,0,1
454704:2,This place is not worth the prices.,0,1,0,0,0,0
454704:3,"Also, don't plan on asking for your favorite roll, if it's not on the menu, you can't have it.",0,0,0,0,0,1
455623:0,Love Pizza 33..,0,1,0,0,0,0
455623:1,I will be out with friends and all of a sudden I am hungry and I only crave one thing... their Pizza.,1,0,0,0,0,0
455623:3,It hits the spot every time,0,1,0,0,0,0
461928:0,This tiny Williamsburg spot is always pleasantly surprising.,0,1,0,0,0,0
461928:3,I've been many time and have never been disappointed.,0,1,0,0,0,0
464215:1,They even scoop it out nice (for those on a diet) not too much not to little.,1,0,0,0,0,0
464215:3,A little crowded but they move that line really fast!,0,1,0,0,0,1
464215:4,A little pricey but it really hits the spot on a Sunday morning!,0,1,0,0,0,0
464342:1,I asked for an open faced cheese sandwich and the manager basically told me to take my business elsewhere!,0,0,0,0,0,1
464342:3,the turkey burgers are scary!,1,0,0,0,0,0
470488:0,The worst excuse for Japanese food I've ever encountered.,1,0,0,0,0,0
470488:1,The soup for the udon was soy sauce and water.,1,0,0,0,0,0
470488:2,The sushi was awful!,1,0,0,0,0,0
470488:3,The rice was poor quality and was cooked so badly it was hard.,1,0,0,0,0,0
470488:5,"The fish was adequate, but inexpertly sliced.",1,0,0,0,0,0
470488:6,It is obvious that no one in the restaurant has any idea about or experience with Japanese cuisine.,1,0,0,0,0,0
475298:0,"Good, fast service.",0,0,0,0,0,1
475298:1,I would highly recommend.,0,1,0,0,0,0
475298:2,Food is great and inexpensive.,1,0,0,0,0,0
475298:3,The location is perfect.,0,0,0,0,1,0
475298:4,Give it a try and enjoy.,0,1,0,0,0,0
475512:2,"Well, this place is so Ghetto its not even funny.",0,0,1,0,0,0
475512:4,Would NEVER go back there.,0,1,0,0,0,0
476473:1,Always busy but fast moving.,0,0,0,0,0,1
476473:3,Open late (well as late as I ever got there and I'm a night person),0,1,0,0,0,0
483111:2,What more can you ask for?,0,1,0,0,0,0
485026:0,"For authentic Thai food, look no further than Toons.",1,0,0,0,0,0
485767:0,Everything about this restaurant was special.,0,1,0,0,0,0
485767:1,"The service was attentive, yet discreet.",0,0,0,0,0,1
485767:2,The flavors robust and subtle.,1,0,0,0,0,0
485767:3,The brioche and lollies as party favors is a cute and sweet touch to a most memorable meal.,1,0,0,0,0,0
485767:4,I'm saving up for my next visit.,0,1,0,0,0,0
485966:1,The place was quiet and delightful.,0,0,1,0,0,0
485966:4,It is definitely a good spot for snacks and chat.,0,1,0,0,0,0
490565:0,"As a retired hipster, I can say with some degree of certainty that for the last year Lucky Strike has been the best laid-back late night in the city.",0,1,0,0,0,0
490565:1,"The wait staff is pleasant, fun, and for the most part gorgeous (in the wonderful aesthetic beautification way, not in that she's-way-cuter-than-me-that-b@#$* way).",0,0,0,0,0,1
490565:3,"But the best part about LS is the late night atmosphere, delightfully free of the BTs.",0,0,1,0,0,0
490565:5,"The in-house lady DJ on Saturday nights has outrageously good taste in music, and moreover, takes requests.",0,0,1,0,0,0
490565:6,You can't go wrong with this place.,0,1,0,0,0,0
493013:0,Suan is a great place that I often take my friends (classmates) too.,0,1,0,0,0,0
493013:2,I LOVE their Thai,1,0,0,0,0,0
493013:3,noodles with shrimp and chicken and coconut juice is the MUST!,1,0,0,0,0,0
493013:5,I will go back to Suan soon!,0,1,0,0,0,0
493013:6,In summer-eat outside on a terrace (another great feature of Suan)!!!,0,0,1,0,0,0
493514:0,I cannot imagine a friendlier staff working in a restaurant.,0,0,0,0,0,1
493514:1,I cannot imagine better Indian food in all of the city.,1,0,0,0,0,0
493514:2,I cannot imagine you not rushing out to eat there.,0,1,0,0,0,0
494850:2,I wish they would change back to what it was before.,0,1,0,0,0,0
494850:3,The food now is inconsistent.,1,0,0,0,0,0
496132:0,This is the kind of place you'd like to take all your friends to and still keep a secret.,0,1,0,0,0,0
496132:1,The setting is casual and romantic.,0,0,1,0,0,0
496132:2,Prices are very good.,0,1,0,0,0,0
496132:3,The food is excellent! ,1,0,0,0,0,0
496132:4,"if you're daring, try the balsamic vinegar over icecream, it's wonderful!",1,0,0,0,0,0
498657:0,"Do not get the Go Go Hamburgers, no matter what the reviews say.",1,0,0,0,0,0
498657:1,They were such a rip-off ($8.95 for four small meat patties in steamed buns) and not worth trying.,1,0,0,0,0,0
498657:2,"The rest of the dim sum, though pricey by Chinatown standards, is worth it.",1,0,0,0,0,0
498657:3,Steamed fresh so brought hot hot hot to your table.,1,0,0,0,0,0
498657:6,These are overpriced and you can get better just around the corner:,1,0,0,0,0,0
503807:1,I was pleasantly suprised.,0,1,0,0,0,0
503807:2,The food was exceptional.,1,0,0,0,0,0
503807:4,"I choose to go with one of the special, the braised lamb shank in red wine, which was excellent.",1,0,0,0,0,0
507755:0,"Have eaten at Ginger House several times, and it's always good.",0,1,0,0,0,0
507755:1,The fried dumplings are GREAT!,1,0,0,0,0,0
507755:2,Finally a reliable Chinese restaurant!,0,1,0,0,0,0
507844:0,This place would be so much better served by being run by a group that actually understands customer service.,0,0,0,0,0,1
507844:1,"The only thing you can do here is walk in and eat .. but planning an event, especially a small, intimate one, forget about it.",0,1,0,0,0,0
507844:2,"They are not helpful in the least and will give you the grand run around so by the time the event date rolls around you will not only regret chosing this place, but also become hostile!",0,0,0,0,0,1
507844:3,"Nobody at this restaurant will give firm answers about anything and in the end, not one person takes responsibility for anything.",0,0,0,0,0,1
507937:0,Never fails to please.,0,1,0,0,0,0
507937:1,"delicious bagels, especially when right out of the oven.",1,0,0,0,0,0
507937:3,Service is fast and friendly.,0,0,0,0,0,1
507937:4,"Only drawback - they won't toast your bagel, and they don't make eggs for the bagel.",0,0,0,0,0,1
507937:5,But that is highly forgivable.,0,0,0,0,0,1
509227:0,"Been there, done that, and New York, it's not that big a deal.",0,1,0,0,0,0
509227:2,"If celebrities make you sweat, then your in for a ride, but if your like most around these parts then you'll just yawn and wonder whats with all the hype.",0,1,0,0,0,0
509227:3,"Rao is a good restaurant, but it's nothing special.",0,1,0,0,0,0
511290:1,"But after last night, Spice Grill is the only place I'm eating indian cuisine.",1,0,0,0,0,0
511290:2,You must try the shrimp appetizers.,1,0,0,0,0,0
511290:3,Even my Indian friend couldn't believe how good and tasty everything was.,1,0,0,0,0,0
512294:1,"If you are looking for a good quality, cheap eats - this is the place.",1,0,0,0,0,0
512925:0,it's a perfect place to have a amanzing indian food.,1,0,0,0,0,0
512925:1,I really loved the different and inovated touch that's the cheff gives to the food.,1,0,0,0,0,0
513395:1,"Their bagels are fine, but they are a little overcooked, and not really a 'special' bagel experience.",1,0,0,0,0,0
513521:0,Great bagels made the old-fashioned way.,1,0,0,0,0,0
513521:2,Drawbacks: service is slow and they don't toast!,0,0,0,0,0,1
519425:0,The food was absolutely amazing!!,1,0,0,0,0,0
519425:1,The baked clams octopus we shared as appetizers were the best we've ever had!! ,1,0,0,0,0,0
519425:3,The waiter was attentive.,0,0,0,0,0,1
521916:2,Dessert is a joke...dont bother,1,0,0,0,0,0
527109:0,"Volare virgins or weekly regulars, everyone gets treated the same and you can't ask for more than that when the service is this friendly.",0,0,0,0,0,1
528251:0,Fantastic place.,0,1,0,0,0,0
528251:1,Cute and decorative.,0,0,1,0,0,0
528251:2,A pleasant surprise.,0,1,0,0,0,0
528251:3,Go there to relax and feel like your somewhere else.,0,0,1,0,0,0
530517:0,Lucky Strike is a great casual place to just grab a bite to eat.,0,1,0,0,0,0
530517:3,I recommend it!,0,1,0,0,0,0
535086:0,"This is the perfect spot for meeting friends, having lunch, dinner, pre-theatre or after-theatre drinks!",0,1,0,0,0,0
535086:1,(Always ask the bartender for the SEASONAL beer!!!,0,0,0,1,0,0
535086:2,Guaranteed to be a tasty experience!),0,0,0,1,0,0
535086:3,Excellent spot for holiday get togethers with co-workers or friends that you haven't seen in a while.,0,1,0,0,0,0
535086:4,I have been doing all of the above at the Heartland Brewery for over 5 years now and I HAVE NEVER BEEN DISAPPOINTED!,0,1,0,0,0,0
535086:5,All the people that I bring there go back on their own and bring THEIR friends!,0,1,0,0,0,0
535086:6,Go there once and oh yes...you will go back...you will...,0,1,0,0,0,0
535171:0,What a great place!,0,1,0,0,0,0
535171:1,Not the typical NYC gimmick theme restaurant.,0,0,1,0,0,0
535171:3,And even with it's Pub atmosphere they were great to my kids too!,0,0,0,0,0,1
535171:4,Loved it!,0,1,0,0,0,0
535248:2,It is expensive but well worth the money.,0,1,0,0,0,0
535248:3,"If you venture off the island of Manhattan and can't seem to find a great Italian restaurant, drive to Corona.",0,1,0,0,0,0
536919:1,The only thing the waiters don't do for you is wipe your chin when you leave.,0,0,0,0,0,1
536919:2,Wonderful at holiday time.,0,1,0,0,0,0
541532:0,Cozy romantic atomosphere with only around 15 tables at most.,0,0,1,0,0,0
541532:1,Service was very prompt but slightly rushed.,0,0,0,0,0,1
541532:2,"Food was very good, but not what I would consider out of this world.",1,0,0,0,0,0
541532:3,Go here for a romantic dinner but not for an all out wow dining experience.,0,1,1,0,0,0
553097:0,My friend from Milan and myself were pleasantly surprised when we arrived and everyone spoke italian.,0,1,0,0,0,0
553097:1,Too bad the food wasn't of the same heritage.,1,0,0,0,0,0
553097:3,A real dissapointment.,1,0,0,0,0,0
553097:4,But that wasn't the icing on the cake: a tiramisu that resembled nothing I have ever had.,1,0,0,0,0,0
553097:5,They should have called it mascarpone with chocolate chips-good but a far cry from what the name implies.,1,0,0,0,0,0
553097:6,Priced at upper intermediate range.,0,1,0,0,0,0
555734:0,I really liked this place.,0,1,0,0,0,0
555734:1,"Everything I had was good, and I'm a eater.",1,0,0,0,0,0
555734:2,It was pretty inexpensive too.,0,1,0,0,0,0
558423:0,This place has the best Chinese style BBQ ribs in the city.,1,0,0,0,0,0
558423:2,It's great to go for a quick lunch either alone or with a friend.,0,1,0,0,0,0
558423:3,It's definately not a place to go if you want to impress someone.,0,1,0,0,0,0
558423:5,Quick and friendly service.,0,0,0,0,0,1
558423:6,This is one of the best comfort food places in the city.,0,1,0,0,0,0
558423:7,It's somewhere you can eat and be happy.,0,1,0,0,0,0
561054:3,"I can't wait for summer, when they serve outside on their gigantic patio.",0,0,1,0,0,0
565344:0,I recently tried Suan and I thought that it was great.,0,1,0,0,0,0
565344:3,I have to say that I am pleasantly suprised and I will most likely stop in again if I am in the neighborhood.,0,1,0,0,0,0
571962:0,They all know you.,0,0,0,0,0,1
571962:1,Good food.,1,0,0,0,0,0
571962:2,Good drink.,0,0,0,1,0,0
571962:3,How do you rate home?,0,1,0,0,0,0
578016:0,I have never had cheescake like this.,1,0,0,0,0,0
578016:1,I thought I had died and gone to heaven.,1,0,0,0,0,0
584025:0,"Great spot, whether looking for a couple of drinks or quiet dinner.",0,1,0,0,0,0
584025:3,Have been several times and it never dissapoints.,0,1,0,0,0,0
608500:1,We were less than impressed.,0,1,0,0,0,0
608500:3,"We ordered the chicken casserole, but what we got were a few small pieces of chicken, all dark meat and on the bone.",1,0,0,0,0,0
608500:4,Probably would not go again...,0,1,0,0,0,0
610611:0,"i've been to sapphire twice and both times the food was fine, if not good.",1,0,0,0,0,0
610611:6,skip dessert.,1,0,0,0,0,0
611117:0,Best Reuben sandwich ever!,1,0,0,0,0,0
611117:1,A classic!,1,0,0,0,0,0
611117:2,Don't miss Bloom's on your next trip to Manhatten.,0,1,0,0,0,0
611117:3,"It was the first place we ate on our first trip to New York, and it will be the last place we stop as we head out of town on our next trip to New York.",0,1,0,0,0,0
611117:4,Thanks Bloom's for a lovely trip.,0,1,0,0,0,0
615180:2,It just wasn't Thai.,1,0,0,0,0,0
620892:1,Was surprisingly disappointed.,1,0,0,0,0,0
620892:2,Pizza was a little soggy.,1,0,0,0,0,0
620892:4,Not enough wines by the glass either.,0,0,0,1,0,0
620892:6,"Food was just average...if they lowered the prices just a bit, it would be a bigger draw.",1,0,0,0,0,0
624715:0,This place is a great bargain.,0,1,0,0,0,0
624715:1,Authentic Pakistani food.,1,0,0,0,0,0
624715:2,People are always friendly.,0,0,0,0,0,1
624715:3,Don't waste money on decor.,0,0,1,0,0,0
624715:4,"Just straight up cheap, good food.",1,0,0,0,0,0
626269:0,Faan is sooo good.,0,1,0,0,0,0
626269:1,The best pad thai i've ever had.,1,0,0,0,0,0
626269:3,bottles of wine are cheap and good.,0,0,0,1,0,0
626269:4,What more could you want?,0,1,0,0,0,0
630914:0,The food was actually aweful.,1,0,0,0,0,0
630914:1,I'm not picky - but it was actually gross.,1,0,0,0,0,0
630914:4,Wouldn't recomend it for dinner!,0,1,0,0,0,0
632121:0,This is the perfect date spot for Williamsburg couples.,0,1,0,0,0,0
632121:1,The jukebox plays everything from Italian Opera to The Strokes.,0,0,1,0,0,0
632121:4,"If only they delivered, they'd make a mint!",0,1,0,0,0,0
657129:0,go here for the drinks!,0,0,0,1,0,0
657129:3,the drinks are amazing and half off till 8pm.,0,0,0,1,0,0
657129:4,"Ask for Usha, the nicest bartender in manhattan.",0,0,0,0,0,1
657129:5,My fav was the sassy lassi...,0,0,0,1,0,0
680345:0,This is an amazing place to try some roti rolls.,1,0,0,0,0,0
680345:1,I really recommend the very simple Unda (Egg) rolls.,1,0,0,0,0,0
680345:3,Amazing!,1,0,0,0,0,0
680390:0,"Toons has recently been redone, so it's now a very attractive space.",0,0,1,0,0,0
680390:1,The food's as good as ever.,1,0,0,0,0,0
680390:2,"In an area sadly lacking in decent Thai food, this is one of the best spots.",1,0,0,0,0,0
682250:1,"The portions are HUGE, so it might be good to order three things to split (rather than one appetizer and entree per person) for two people.",1,0,0,0,0,0
682250:3,Can't wait to go back.,0,1,0,0,0,0
682391:1,Beef noodle soup is good as well.,1,0,0,0,0,0
682391:3,Best Taiwanese food in NY!,1,0,0,0,0,0
707917:0,I have been to Rao's probably 15 times the past 3 years and it keeps getting better.,0,1,0,0,0,0
707917:1,"For those that go once and don't enjoy it, all I can say is that they just don't get it.",0,1,0,0,0,0
707917:3,Good luck getting a table.,0,1,0,0,0,0
709294:0,My roommate and I LOVE this place.,0,1,0,0,0,0
709294:1,"We recently decided to try this location, and to our delight, they have outdoor seating, perfect since I had my yorkie with me.",0,0,1,0,0,0
709294:2,Indoor was very cozy and cute.,0,0,1,0,0,0
709294:5,Staff is very accomodating.,0,0,0,0,0,1
713152:1,"I got the $10 10-piece dim sum combo, every bite of which was great.",1,0,0,0,0,0
713152:2,But $1 for each small piece???,1,0,0,0,0,0
713152:3,Not worth it.,1,0,0,0,0,0
713152:4,I won't go back unless someone else is footing the bill.,0,1,0,0,0,0
717570:1,The decor is very simple but comfortable.,0,0,1,0,0,0
717570:2,The food was delicious but do not come here on a empty stomach.,1,0,0,0,0,0
717570:5,The staff there is very attentive and down to earth.,0,0,0,0,0,1
717570:6,I loved it and would go again.,0,1,0,0,0,0
720418:1,The owner truly caters to all your needs.,0,0,0,0,0,1
720418:2,"When family came in he gave them apps to test their palets, and then ordered for them.",0,0,0,0,0,1
720418:3,Everyone was more then happy with his choices.,0,0,0,0,0,1
720620:1,The food here does a great service to the name (Cantonese that is...).,1,0,0,0,0,0
720620:2,I fell in love with the egg noodles in the beef broth with shrimp dumplings and slices of BBQ roast pork.,1,0,0,0,0,0
720620:3,This dish is my favorite and I always get it when I go there and never get tired of it.,1,0,0,0,0,0
720620:5,Simply some good tasting Chinese food at incredible prices...,1,0,0,0,0,0
720620:6,Service is not what you are coming here for...,0,0,0,0,0,1
720620:8,Big Wong is a great place to eat and fill your stomach.,0,1,0,0,0,0
735448:1,"whoever the jazz duo was, they were on POINT.",0,0,1,0,0,0
735448:3,even the wine by the glass was good.,0,0,0,1,0,0
735448:4,"its a little out of the way if you don't live in the neighborhood, but definitely worth the trip from wherever you are.",0,1,0,0,1,0
737999:0,Consistently good Japanese Tapas.,1,0,0,0,0,0
737999:3,Atmosphere is nice and relaxed too...,0,0,1,0,0,0
737999:4,A great place to meet up for some food and drinks...  ,0,1,0,0,0,0
737999:5,Yakitori (bbq meats) is tasty too.,1,0,0,0,0,0
740923:3,Wasn't going to share but I feel obligated...while sitting at the sushi bar dining we watched the chef accidentally drop a piece of Unagi on the floor and upon retrieving it from the floor proceed to use the piece in the delivery order he was preparing.,1,0,0,0,0,0
740923:4,No thanks!!!,0,1,0,0,0,0
744478:0,"This place, which is only a few months old, is perhaps Queens' biggest secret!",0,1,0,0,0,0
746254:0,We were seated outside and the waiter spilled red wine and hot tea on myself and my date.,0,0,0,0,0,1
746254:1,We were then shooed inside.,0,0,0,0,0,1
746254:2,"One would think we'd get an apology or complimentary drinks - instead, we got a snobby waiter wouldn't even take our order for 15 minutes and gave us lip when we asked him to do so.",0,0,0,0,0,1
746254:3,"We left, never to return.",0,1,0,0,0,0
757762:1,The only problem is that the manager is a complete incompetent.,0,0,0,0,0,1
757762:2,He offers subpar service and has no personality.,0,0,0,0,0,1
757762:3,"In fact, it appears he is going to go postal at any moment.",0,0,0,0,0,1
757762:5,There is no excuse for such lousy service!,0,0,0,0,0,1
758263:0,I have never before eaten 40 pieces of relatively good nigiri.,1,0,0,0,0,0
758263:2,You can do it here.,1,0,0,0,0,0
758263:3,$20 for all you can eat sushi cannot be beaten.,1,0,0,0,0,0
759781:0,"I went to Areo on a Sunday afternoon with four of my girlfriends, and spent three enjoyable hours there.",0,1,0,0,0,0
759781:2,"Most of the servers are very attentive, friendly and quite attractive.",0,0,0,0,0,1
759781:5,Me and my girls will definitely go back.,0,1,0,0,0,0
773720:1,I would highly recommand requesting a table by the window.,0,0,0,0,1,0
872763:1,The food is great.,1,0,0,0,0,0
872763:2,Personal pans are the perfect size for those hungry nights.,1,0,0,0,0,0
872763:3,I heartily recommend.,0,1,0,0,0,0
872763:4,There is a downside if you're ordering in -- the delivery guys have MAJOR attitude.,0,0,0,0,0,1
872763:5,Never have I had such dramatic delivery guys (a lot of huffing and panting and muttering under breath b/c I live in a walkup) who always seem disappointed with their tips.,0,0,0,0,0,1
875139:1,The pizza was pretty good and huge.,1,0,0,0,0,0
875139:2,The price very reasonable.,0,1,0,0,0,0
875139:3,We were 4 and got the family size penne a la vodka which was tremendously gigantic portion...a bucket of food literally.,1,0,0,0,0,0
875139:5,I would say that all was fine and tasty but the heaviness on my stomach someting that i can't not mention or undermine.,1,0,0,0,0,0
875139:6,"The pasta penne was pretty extra buttery, creamy which means a big task to diggest.. tasty at first but i would say that i was full with a slice of pizza and 7 to count, penne...got a little moody afterwards cause was stuffed...lol",1,0,0,0,0,0
929329:2,"La Rosa waltzes in, and I think they are doing it the best.",1,0,0,0,0,0
935633:1,I love it.,0,1,0,0,0,0
935633:2,I plan on stopping by next week as well.,0,1,0,0,0,0
935633:3,"I found it on a cold night, the perfect spot to warm up.",0,1,0,0,0,0
935633:4,I recieved prompt service with a smile.,0,0,0,0,0,1
935633:5,"To me it exemplifies Soho, cute, artsy, interesting.",0,0,1,0,0,0
935633:6,Definately check it out!!!,0,1,0,0,0,0
955711:0,This place blew me away...by far my new favorite restaurant on the uppereast side.,0,1,0,0,0,0
955711:1,The wine list is extensive and impressive.,0,0,0,1,0,0
955711:2,LOVE the atmosphere - felt like I was in Paris.,0,0,1,0,0,0
957145:4,I lOVE THIS PLACE!,0,1,0,0,0,0
957145:5,Keep up the good work guys!,0,1,0,0,0,0
958809:1,I have to say I have never had a disapointing meal here.,1,0,0,0,0,0
958809:2,We could have made a meal of the yummy dumplings from the dumpling menu.,1,0,0,0,0,0
ADLT#8:0,Love Al Di La,0,1,0,0,0,0
ADLT#8:1,I recommend this place to everyone.,0,1,0,0,0,0
ADLT#8:2,Great food.,1,0,0,0,0,0
ADLT#2:0,One of my favorite places in Brooklyn. ,0,1,0,0,0,0
BFC#4:0,Overpriced and not tasty ,1,0,0,0,0,0
BFC#4:1,The food here was mediocre at best. ,1,0,0,0,0,0
BHD#9:0,Tasty Dog!,1,0,0,0,0,0
BHD#9:2,One of the best hot dogs I have ever eaten.,1,0,0,0,0,0
BHD#9:3,Can't wait to go back.,0,1,0,0,0,0
BzG#1:0,The Cypriot restaurant has a lot going for it.,0,1,0,0,0,0
BzG#1:1,But the best pork souvlaki I ever had is the main thing.,1,0,0,0,0,0
BzG#1:3,Run don't walk.,0,1,0,0,0,0
EVPK#10:0,Super YUMMY Pizza!,1,0,0,0,0,0
EVPK#10:1,I was visiting New York City with a friend and we discovered this really warm and inviting restaurant.,0,0,1,0,0,0
EVPK#10:3,"We had half/half pizza, mine was eggplant and my friend had the buffalo and it was sooo huge for a small size pizza!",1,0,0,0,0,0
EVPK#10:4,"We had fun eating in there, we were there like around 3 a.m. in the morning!",0,1,0,0,0,0
EVPK#10:5,"Will comeback for sure, wish they have it here in LA..",0,1,0,0,0,0
Z#3:1,"The space kind of feels like an Alice in Wonderland setting, without it trying to be that.",0,0,1,0,0,0
Z#3:2,"I paid just about $60 for a good meal, though :)",1,0,0,0,0,0
Z#3:3,Great sake!,0,0,0,1,0,0
Y#7:0,"Reliable, Fresh Sushi",1,0,0,0,0,0
Y#7:3,Have never had a problem with service save a missing rice once.,0,0,0,0,0,1
Y#7:4,Delivery can be spot on or lacking depending on the weather and the day of the week.,0,0,0,0,0,1
Y#7:5,Delivery guy sometimes get upset if you don't tip more than 10%.,0,0,0,0,0,1
Y#3:0,Best. Sushi. Ever.,1,0,0,0,0,0
Y#3:1,This place has ruined me for neighborhood sushi.,1,0,0,0,0,0
Y#3:2,"Creative, consistent, fresh.",1,0,0,0,0,0
Y#3:4,Not cheap but very yummy.,1,0,0,0,0,0
Y#3:5,Love it.,0,1,0,0,0,0
Y#2:0,"Very, very nice",0,1,0,0,0,0
Y#2:1,"The place is a bit hidden away, but once you get there, it's all worth it.",0,1,0,0,1,0
WE#9:0,Loved It,0,1,0,0,0,0
WE#9:2,We had a very nice time.,0,1,0,0,0,0
WE#9:4,I'd definitely go back again.,0,1,0,0,0,0
TR#3:0,Great place to relax and enjoy your dinner,0,0,1,0,0,0
TR#3:1,There is something about their atmosphere that makes me come back nearly every week.,0,0,1,0,0,0
TR#3:2,"Place is open till late, no dress code.",0,1,0,0,0,0
TR#3:4,Highly recommended!,0,1,0,0,0,0
TM#7:0,Excellent food for great prices,1,0,0,0,0,0
TM#7:1,My husband and I have been sold on this from the first visit.,0,1,0,0,0,0
TM#7:2,The wait staff is very courteous and accomodating.,0,0,0,0,0,1
TM#7:4,There are no negatives to speak of.,0,1,0,0,0,0
RL#7:0,the bestt!,0,1,0,0,0,0
RL#7:1,my favorite place lol,0,1,0,0,0,0
RL#7:2,i love their chicken pasta cant remember the name but is sooo good,1,0,0,0,0,0
RL#3:0,its alright,0,1,0,0,0,0
RL#3:1,"im not necessarily fanatical about this place, but it was a fun time for low pirces.",0,1,0,0,0,0
RL#3:2,"lobster was good, nothing spectacular.",1,0,0,0,0,0
RL#3:3,"its just a fun place to go, not a five star restaraunt.",0,1,0,0,0,0
PP#9:0,Way below average,0,1,0,0,0,0
PP#9:1,I think the pizza is so overrated and was under cooked.,1,0,0,0,0,0
PP#9:3,Would NEVER go back,0,1,0,0,0,0
PP#4:0,I love this place,0,1,0,0,0,0
PP#4:1,I wasn't here for the pizza so I can't comment on that yet but what I had was very good.,1,0,0,0,0,0
PP#4:2,The service was quick and friendly.,0,0,0,0,0,1
PP#4:3,Everyone was smiling so that made me feel welcome.,0,0,0,0,0,1
PP#4:4,I thought the restaurant was nice and clean.,0,1,1,0,0,0
PP#4:5,I ordered the vitello alla marsala and I was pretty impressed.,1,0,0,0,0,0
PP#4:7,The potato balls were not dry at all... in fact it was buttery.,1,0,0,0,0,0
PP#4:8,The only downside... they only take cash which is OK if you know about it ahead of time.,0,1,0,0,0,0
PP#4:9,I'll be back for sure.,0,1,0,0,0,0
P#1:0,WORST PLACE ON SMITH STREET IN BROOKLYN,0,1,0,0,0,0
P#1:2,I would never recommend this place to anybody even for a casual dinner.,0,1,0,0,0,0
RL#9:0,awesome,0,1,0,0,0,0
RL#9:1,the food is always fresh ...,1,0,0,0,0,0
Y#5:1,Went here on sat 1/26 and was disappointed.,0,1,0,0,0,0
Y#5:2,Chicken teriyaki had tomato or pimentos on top??,1,0,0,0,0,0
Y#5:3,food was luke warm.,1,0,0,0,0,0
Y#5:4,The waitress was not attentive at all.,0,0,0,0,0,1
Y#5:5,I was looking for banana tempura for dessert and they dont have.,1,0,0,0,0,0
TFS#8:0,"Not because you are ""The Four Seasons""...  you are allowed to charge an arm and a leg for a romatic dinner.",0,1,0,0,0,0
TFS#8:2,I do not think dinner in Manhattan should cost $400.00 where I am not swept off my feet.,1,0,0,0,0,0
Y#4:0,"Red Dragon Roll - my favorite thing to eat, of any food group - hands down",1,0,0,0,0,0
Y#4:2,"If you don't like it, I don't know what to tell you.",1,0,0,0,0,0
Y#4:3,The Seafood Dynamite is also otherworldly.,1,0,0,0,0,0
Y#4:4,I'm not even going to bother to describe it; it speaks for itself.,1,0,0,0,0,0
Y#6:0,Favorite Sushi in NYC,1,0,0,0,0,0
Y#6:3,"In the summer months, the back garden area is really nice.",0,0,1,0,0,0
Y#6:5,"The Dancing, White River and Millenium rolls are musts.",1,0,0,0,0,0
RL#4:0,SO GOOD,0,1,0,0,0,0
RL#4:1,I CAN EAT HERE EVERY DAY OF THE WEEK REALLY LOL LOVE THIS PLACE ...),0,1,0,0,0,0
P#10:0,Gross food  Wow-,1,0,0,0,0,0
P#10:1,I can't remember the last time I had such gross food in New York.,1,0,0,0,0,0
P#10:2,My quesadilla tasted like it had been made by a three-year old with no sense of proportion or flavor.,1,0,0,0,0,0
P#10:3,And $11 for a plate of bland guacamole?,1,0,0,0,0,0
P#10:5,"Don't get me started on the margaritas, either.",0,0,0,1,0,0
P#10:6,Mine tasted like the bartender had forgotten to add the tequila.,0,0,0,1,0,0
P#10:8,Save your money and your time and go somewhere else.,0,1,0,0,0,0
P#10:9,"Oh, and I never write reviews--I just was so moved by how bad this place was, I felt it was my duty to spread the word.",0,1,0,0,0,0
TM#3:0,Great Indian Food!,1,0,0,0,0,0
TM#3:2,When I got there the place was packed but they made sure to seat me quickly.,0,0,0,0,0,1
TM#3:4,I noticed alot of indian people eatting there which is a great sign for an indian place!,0,1,0,0,0,0
TR#1:1,The staff is very good.,0,0,0,0,0,1
TR#1:2,Love their drink menu.,0,0,0,1,0,0
TR#1:3,I highly recommend this beautiful place.,0,1,1,0,0,0
TR#8:0,Nice for one time special occasion.,0,1,0,0,0,0
TR#8:2,They honored reservation on Sunday afternoon very well. ,0,0,0,0,0,1
TR#8:4,We were offered water for the table but were not told the Voss bottles of water were $8 a piece.,0,0,0,1,0,0
TR#8:5,Food was OK.,1,0,0,0,0,0
TR#8:6,Nice view of river and NYC.,0,0,0,0,1,0
BG#1:0,I come here enjoy very much with husband.,0,1,0,0,0,0
BG#1:1,Remind me of home.,0,1,0,0,0,0
BG#1:2,Great survice,0,0,0,0,0,1
ADLT#4:0,MMMMMMMMMmmmmmm so delicious,1,0,0,0,0,0
CLF#1:0,A beautifully designed dreamy Egyptian restaurant that gets sceney at night.,0,0,1,0,0,0
CLF#1:2,"Oh, and there's hookah.",0,0,1,0,0,0
P#9:0,Raymond the bartender rocks!,0,0,0,0,0,1
P#9:1,Pacifico is a great place to casually hang out.,0,1,0,0,0,0
P#9:3,The omlette for brunch is great...,1,0,0,0,0,0
P#9:4,"the spinach is fresh, definately not frozen...",1,0,0,0,0,0
P#9:6,A weakness is the chicken in the salads.,1,0,0,0,0,0
P#9:7,"It's just average, just shredded, no seasoning on it.",1,0,0,0,0,0
P#9:8,"Also, I personally wasn't a fan of the portobello and asparagus mole.",1,0,0,0,0,0
BG#6:0,Best Indian Restaurant in the City,0,1,0,0,0,0
BzG#4:0,This small Astoria souvlaki spot makes what many consider the best gyros in New York.,1,0,0,0,0,0
NP#10:0,Best restaurant in Brooklyn,0,1,0,0,0,0
NP#10:1,The best!,0,1,0,0,0,0
NP#10:3,The veal was incredible last night.,1,0,0,0,0,0
NP#10:4,"Fresh, mind blowing flavors.",1,0,0,0,0,0
NP#10:5,This place is a must visit!,0,1,0,0,0,0
BHD#2:2,"Delicious, creative and fun.",1,0,0,0,0,0
Z#11:0,Got a date? Go here!,0,1,0,0,0,0
Z#11:1,Every time I have a special occasion with my boyfriend I have a hard time going anywhere else.,0,1,0,0,0,0
Z#11:2,It is so romantic.,0,0,1,0,0,0
Z#11:3,"Its dark, and cozy.. there is always jazz music playing when we go.",0,0,1,0,0,0
Z#11:4,Most of the booths allow you to sit next to eachother without looking like 'that' couple.,0,0,1,0,0,0
Z#11:5,The food is all shared so we get to order together and eat together.,1,0,0,0,0,0
Z#11:7,Once you try it for a special occasion beware.. you can't stop!,0,1,0,0,0,0
Z#11:8,"You'll be ther for every anniversary, birthday, valentines day...",0,1,0,0,0,0
WE#4:0,For a Fabulous Wedding!,0,1,0,0,0,0
WE#4:1,My daughter's wedding reception at Water's Edge received the highest compliments from our guests.,0,1,0,0,0,0
WE#4:3,Service was wonderful;,0,0,0,0,0,1
WE#4:4,everyone was cheerfully cooperative and helpful.,0,0,0,0,0,1
WE#4:5,"Paul, the maitre d', was totally professional and always on top of things.",0,0,0,0,0,1
WE#4:6,Thank you everyone at Water's Edge.,0,1,0,0,0,0
TR#2:0,would NOT go back.,0,1,0,0,0,0
TR#2:3,"The bar drinks were Eh, ok to say the least.",0,0,0,1,0,0
TR#2:4,The stuff tilapia was horrid...tasted like cardboard.,1,0,0,0,0,0
TR#2:5,"We thought the dessert would be better, Wrong!",1,0,0,0,0,0
TR#2:6,$170 down the toilet...,0,1,0,0,0,0
TR#2:7,"oh speaking of bathroom , the mens bathroom was disgusting.",0,0,1,0,0,0
TR#2:8,"The floor was wet, the trash can filled with hand towels n all over the floor, no soap, and no hand towels left.",0,0,1,0,0,0
TFS#10:0,Good Experience,0,1,0,0,0,0
TFS#10:4,"However, our main course was wonderful.",1,0,0,0,0,0
TFS#10:7,When we inquired about ports - the waitress listed off several but did not know taste variations or cost.,0,0,0,0,0,1
Z#9:0,"short and sweet  seating is great:it's romantic,cozy and private.",0,0,1,0,0,0
Z#9:1,The boths are not as small as some of the reviews make them out to look they're perfect for 2 people.,0,0,1,0,0,0
Z#9:3,The food was ok and fair nothing to go crazy.,1,0,0,0,0,0
Z#9:7,Will prob. not return but it is a great dinning experience to try atleast once.,0,1,0,0,0,0
NP#3:0,Impressed...,0,1,0,0,0,0
NP#3:3,"Servers are all different, Greg is my favorite.",0,0,0,0,0,1
NP#3:4,"Sometimes tables don't understand his sense of humor but it's refreshing to have a server who has personality, professionalism, and respects the privacy of your dinner.",0,0,0,0,0,1
NP#3:5,This is the first place I've been that a runner remembers my order... hope he likes his job because I have half a mind to steal him for my restaurant.,0,0,0,0,0,1
NP#3:7,"I go out to eat and like my courses, servers are patient and never rush courses or force another drink.",0,0,0,0,0,1
BHD#7:1,this place had ALL the trimmings and i mean all.,1,0,0,0,0,0
BHD#7:2,"peppers, onions, relish, chilli, cheeses, you NAME it.",1,0,0,0,0,0
CLF#5:0,BEST DINING EXPERIENCE IN THE WEST VILLAGE!,0,1,0,0,0,0
CLF#5:1,Stepping into Casa La Femme last night was a true experience unlike any other in New York!,0,1,0,0,0,0
CLF#5:3,The have a great cocktail with Citrus Vodka and lemon and lime juice and mint leaves that is to die for!,0,0,0,1,0,0
CLF#5:5,We were drawn into the belly dancing show that captivated the crowd.,0,0,1,0,0,0
CLF#5:6,I never write on these sites but this restaurant is def worth commending!,0,1,0,0,0,0
CLF#5:7,Great find in the West Village!,0,1,0,0,0,0
NP#4:0,Maggot in the food!,1,0,0,0,0,0
NP#4:3,"Nevertheless, I finished my plate, and that's when I found a maggot in mushroom sauce at the bottom.",1,0,0,0,0,0
NP#4:4,"I showed it to the manager, and he smilingly apologized and brought us two free desserts (but did not ask us what we wanted and so brought the last two desserts we would have asked for).",0,0,0,0,0,1
NP#4:5,"When the bill came, nothing was comped, so I told the manager very politely that we were willing to pay for the wine, but I didn't think I should have to pay for food with a maggot in it.",0,0,0,0,0,1
NP#4:7,"The manager finally said he would comp the two glasses of wine (which cost less than the food), and made it seem like a big concession.",0,0,0,0,0,1
NP#4:8,We paid and left because we didn't feel like arguing any more.,0,0,0,0,0,1
NP#4:9,"I have worked in restaurants and cook a lot, and there is no way a maggot should be able to get into well prepared food.",1,0,0,0,0,0
P#6:0,Unhygienic,1,0,0,0,0,0
P#6:1,I do not recommend.,0,1,0,0,0,0
P#6:3,I got hair in my food 2 times of then !,1,0,0,0,0,0
BzG#2:0,"Great place, great value.",0,1,0,0,0,0
BzG#2:1,"The food is flavorful, plentiful and reasonably priced.",1,0,0,0,0,0
BzG#2:2,The atmosphere is relaxed and casual.,0,0,1,0,0,0
BzG#2:3,It's a great place to order from or sit-in.,0,1,0,0,0,0
TVU#4:0,Awesome,0,1,0,0,0,0
TVU#4:1,"Inexpensive, unassuming, great time!",0,1,0,0,0,0
Z#2:0,Sushi experience was unbelievable with my fiance.,1,0,0,0,0,0
Z#2:1,Try it!,0,1,0,0,0,0
Z#2:2,Very pleased,0,1,0,0,0,0
Y#9:0,Good creative rolls!,1,0,0,0,0,0
Y#9:1,"Yamato is an excellent place to go if youre not into sashimi, or if you have friends who doesnt like sushi much.",0,1,0,0,0,0
Y#9:5,The appetizers are also delicious!,1,0,0,0,0,0
Z#5:0,Amazing food.,1,0,0,0,0,0
Z#5:1,Mazing interior.,0,0,1,0,0,0
Z#5:2,Great food!,1,0,0,0,0,0
Z#5:3,I've had my fair share of modern Japanese and this spot delivers.,1,0,0,0,0,0
Z#5:5,"If you're into being lost when you're just five feet from your table then hey, that's a good thing.",0,0,1,0,0,0
TM#4:0,"Indo Chinese food, pretty good...",1,0,0,0,0,0
TM#4:3,"My mom originally introduced me to this place, but even she (being Indian) feels the food can be somewhat over the top spicy and far too oily.",1,0,0,0,0,0
TM#4:4,Still we keep going back :),0,1,0,0,0,0
TFS#11:0,I was speechless by the horrible food.,1,0,0,0,0,0
TFS#11:1,"I attended a holiday dinner at the restaurant, and the food was majorly disappointing.",1,0,0,0,0,0
TFS#11:4,"I was so stunned, and I left the dinner hungry and majorly disappointing.",0,1,0,0,0,0
TFS#11:5,This place survives on reputation alone.,0,1,0,0,0,0
TFS#11:6,I will NEVER return.,0,1,0,0,0,0
ADLT#10:0,Best In ALL of NYC,0,1,0,0,0,0
ADLT#10:1,"This is the MOST wonderful restaurant in all of New York City, not just Brooklyn...",0,1,0,0,0,0
ADLT#10:2,"for 7 years they have put out the most tasty, most delicious food and kept it that way...",1,0,0,0,0,0
ADLT#10:5,you should travel from the Bronx to try it...,0,1,0,0,0,0
ADLT#10:7,so delicious!!!!!!,1,0,0,0,0,0
PP#3:0,Patsy's Pizza = true love,0,1,0,0,0,0
PP#3:1,Hands down the best pizza on the planet.,1,0,0,0,0,0
PP#3:3,"In about 12 minutes, the thing is gone.",1,0,0,0,0,0
BHD#6:0,great hot dogs..,1,0,0,0,0,0
BHD#6:1,the hot dogs were juicy and tender inside and had plenty of crunch and snap on the outside.,1,0,0,0,0,0
TM#5:0,great taste,1,0,0,0,0,0
TM#5:1,"Great, original taste.",1,0,0,0,0,0
TM#5:4,The only thing that strikes you is the decor?(not very pleasant).,0,0,1,0,0,0
TM#6:0,great food,1,0,0,0,0,0
TM#6:1,This place has great indian chinese food.,1,0,0,0,0,0
TM#6:2,The flavors are amazing and the value is phenomenal.,1,0,0,0,0,0
TM#6:3,"Be prepared to wait, because the place is pretty tiny.",0,1,0,0,0,0
TM#6:4,"Also, they do not take credit card so come with cash!",0,1,0,0,0,0
TM#6:6,"Best Indian Chinese in the city, by far!",1,0,0,0,0,0
TVU#6:0,AMAZING MY FAVORITE!!!,0,1,0,0,0,0
TVU#6:2,"I came across Village Underground by accident, now I go there all the time.",0,1,0,0,0,0
TVU#6:3,The martinis are amazing and very fairly priced.,0,0,0,1,0,0
TVU#6:6,You can get a table without a reservation if you get there early I they don't make you by bottles.,0,0,0,0,0,1
TVU#6:7,Which lets face it....at times it's a good thing.,0,0,0,0,0,1
TVU#6:8,In the end you end up with a fair tab and NOTHING BUT A GREAT TIME!!!,0,1,0,0,0,0
TVU#6:9,Highly recommended!,0,1,0,0,0,0
ADLT#3:0,"One of the best, if not THE best, restaurants in Park Slope (and NY in general)",0,1,0,0,0,0
ADLT#3:1,Everything on the menu is great. ,1,0,0,0,0,0
ADLT#3:2,This establishment is the real deal. ,0,1,0,0,0,0
TFS#5:2,But $500 for a dinner for two that didn't include Wine?,1,0,0,0,0,0
TFS#5:4,"Look, the appetizers were really good.",1,0,0,0,0,0
TFS#5:5,The entree was also very good.,1,0,0,0,0,0
TFS#5:6,"Can't argue about that, but they are clearly over priced.",1,0,0,0,0,0
TFS#5:8,"Yes, the place is classy and beautiful, but they most certainly target the uber whealthy Not the common joe that wants to go all out every once in a while.",0,1,1,0,0,0
TFS#5:12,Which of course is not real Kobe but Wagyu beef.,1,0,0,0,0,0
TFS#5:13,Surprised that a place of this caliber would advertise it as Kobe.,0,1,0,0,0,0
TFS#5:16,Vanison was good but not amazing.,1,0,0,0,0,0
TFS#5:17,Bison was quite excellent however.,1,0,0,0,0,0
TFS#5:18,Dessert: pure disaster.,1,0,0,0,0,0
TFS#5:19,Just not good at all.,1,0,0,0,0,0
TFS#5:20,Some Pineapple covered in a glaze of some kind and some pear tart thing Not impressive at all.,1,0,0,0,0,0
TFS#5:21,"I read reviews that called the restaurant too expensive and I thought to myself, but may be it is worth it.",0,1,0,0,0,0
TFS#5:23,"The Four Seasons has history and it is a sort of landmark of New York City restaurants, but trust me, they will charge you through the nose just so that you can say ""I've been to the four seasons restaurant"".",0,1,0,0,0,0
TFS#5:24,"I wanted to go there to see if it was worth it and sadly, curiousity got the best of me and I paid dearly for it.",0,1,0,0,0,0
TFS#5:27,"If you are going for the food, it will not be worth it.",1,0,0,0,0,0
TFS#5:29,"You would think they would make up for it with service, sadly, no.",0,0,0,0,0,1
CLF#3:0,Terrible Waste of money.. scammers,0,1,0,0,0,0
CLF#3:1,I agree that dining at Casa La Femme is like no other dining experience!,0,1,0,0,0,0
CLF#3:3,I am actually offended to have spent so much money on such a bad experience.,0,1,0,0,0,0
CLF#3:4,I literally just got back home after visiting Casa La Femme and was so offended by my visit felt it necessary to try and warn other diners who value their money and time.,0,1,0,0,0,0
CLF#3:6,"Our visit their to say the least, was an unpleasant and costly experience!",0,1,0,0,0,0
CLF#3:7,And even more so unpleasant because it was so costly for such an unpleasant experience.,0,1,0,0,0,0
CLF#3:8,We did arrive late for our reservation so I can not complain too much about the wait for a table.,0,0,0,0,0,1
CLF#3:9,Although we were told 10-15 minutes and it was more like 45 minutes.,0,0,0,0,0,1
CLF#3:10,We were ushered to the bar to wait momentarily and upon arrival were so excited.,0,1,0,0,0,0
CLF#3:11,The place is beautiful!,0,0,1,0,0,0
CLF#3:12,The hostess was very pleasant.,0,0,0,0,0,1
CLF#3:13,"However, our $14 drinks were were horrible!",0,0,0,1,0,0
CLF#3:14,"Once we finally got a table, despite indicating we wanted an alla carte menu we were pushed into a table that was only price fixed!",0,0,0,0,0,1
CLF#3:16,Our experience did not ever get any better.,0,1,0,0,0,0
CLF#3:17,For each course we waited over 1/2 hour to 45 minutes and were never offered a drink.,0,0,0,0,0,1
CLF#3:18,We also asked for Hooka six times and the waiter kept telling us one minute and never returning with the Hooka.,0,0,0,0,0,1
CLF#3:19,After the 4th time i asked again and the waiter than said after our dinner.,0,0,0,0,0,1
CLF#3:20,We asked for beverages and never received them.,0,0,0,0,0,1
CLF#3:21,We asked for sides which the waiter than admitted that he forgot to put in that part of our order.,0,0,0,0,0,1
CLF#3:22,My chicken was inedible as there were so many fatty lumps which i had to keep spitting out into my napkin.,1,0,0,0,0,0
CLF#3:23,I would not expect this for a $55 dinner.,1,0,0,0,0,0
CLF#3:24,By the time we finished our dinner we still had not received one beverage NOR hooka!,0,0,0,0,0,1
CLF#3:25,What we did do was waste 3 hours being trapped in a table waiting and waiting for food and drinks and hooka.. some of which we never received!,0,0,0,0,0,1
CLF#3:26,The only beverage we did receive was water in dirty glasses!,0,0,0,0,0,1
CLF#3:27,To top it all off.. the main reason we came to your restaurant was for the belly dancers and missed the first show as we were not seated yet and the 2nd belly dancer only danced at two tables in the back of the restaurant and never made it around to the other half of the restaurant.,0,1,0,0,0,1
CLF#3:30,"I have never left a restaurant feeling as if i was abused, and wasted my hard earned money.",0,1,0,0,0,0
CLF#3:31,MY husbands birthday and my sons was not as it was intended... and we drove two hours to spend too much money to be treated terribly!,0,1,0,0,0,1
CLF#3:32,I wish I COULD be refunded!,0,1,0,0,0,0
BFC#9:0,Don't go with a larger group than 4! ,0,1,0,0,0,0
BFC#9:4,"At first we were a little taken aback, as this seemed to present a problem, although the restaurant looked fairly empty, but they hastily put the table together for us.",0,0,0,0,0,1
BFC#9:5,The menu is fairly simple without much descriptions. ,1,0,0,0,0,0
BFC#9:6,"There was no tap beer that evening, which was a disappointment. ",0,0,0,1,0,0
BFC#9:7,"Not much of a selection of bottled beer either, we went with Brahma. ",0,0,0,1,0,0
BFC#9:9,"The lobster knuckles (special of the day) were ok, but pretty tasteless.",1,0,0,0,0,0
BFC#9:10,"I believe there were 2 shrimp in the ""salt encrusted shrimp"" appetizer. ",1,0,0,0,0,0
BFC#9:14,"She replied ""well it would be more convenient for us if you ordered now, since you are a larger party, and it might get crowded."" ",0,0,0,0,0,1
BFC#9:16,The food arrived in about 15 minutes. ,0,0,0,0,0,1
BFC#9:17,I had the Thai style Fried Sea Bass...which was very good. ,1,0,0,0,0,0
BFC#9:19,I heard the lobster roll was excellent. ,1,0,0,0,0,0
BFC#9:20,"They seemed to continue to rush us along, taking plates without asking if we were done (my sister still had her fork in hand). ",0,0,0,0,0,1
BFC#9:21,"All in all the food was good - a little on the expensive side, but fresh. ",1,0,0,0,0,0
BFC#9:22,"Service not the friendliest to our ""large party""! ",0,0,0,0,0,1
BFC#9:23,Probably would not go back here.,0,1,0,0,0,0
BG#5:0,Great Indian food,1,0,0,0,0,0
BG#5:2,"Food was amazing - I love Indian food and eat it quite regularly, but I can say this is one of the best I've had.",1,0,0,0,0,0
BG#5:3,"Very ""normal Indian food"", but done really well.",1,0,0,0,0,0
BG#5:5,"Also, waiters try to push more food on you, like suggest things as if they are complimentary when they actually cost $.",0,0,0,0,0,1
BG#5:6,I don't appreciate places or people that try to drive up the bill without the patron's knowledge so that was a huge turnoff (more than the price).,0,1,0,0,0,1
BG#8:0,One of the BEST,0,1,0,0,0,0
BG#8:1,"Bukhara Grill, the tagline says it all.. ""INDIAN SPICE RAVE""",0,1,0,0,0,0
BG#8:3,The lunch buffet is expensive but is deff worth it.,1,0,0,0,0,0
BG#8:6,Bukhara is on my top 5 Indian places in NYC,0,1,0,0,0,0
DBG#2:0,Wretched and retching,0,1,0,0,0,0
DBG#2:4,For starters they delivered us someone else's order.,0,0,0,0,0,1
DBG#2:9,None was made so i hung up.,0,0,0,0,0,1
