ID,text,food,restaurant,service,atmosphere,drinks,location,None
1004293:0,"Judging from previous posts this used to be a good place, but not any longer.",1,0,0,0,0,0,0
1004293:1,"We, there were four of us, arrived at noon - the place was empty - and the staff acted like we were imposing on them and they were very rude.",0,1,0,0,0,0,0
1004293:2,"They never brought us complimentary noodles, ignored repeated requests for sugar, and threw our dishes on the table.",0,1,0,0,0,0,0
1004293:4,"After all that, they complained to me about the small tip.",0,1,0,0,0,0,0
1004293:5,Avoid this place!,1,0,0,0,0,0,0
1014458:0,"I have eaten at Saul, many times, the food is always consistently, outrageously good.",0,0,1,0,0,0,0
1014458:1,Saul is the best restaurant on Smith Street and in Brooklyn.,1,0,0,0,0,0,0
1016296:0,I was very disappointed with this restaurant.,1,0,0,0,0,0,0
1016296:1,Ive asked a cart attendant for a lotus leaf wrapped rice and she replied back rice and just walked away.,0,1,0,0,0,0,0
1016296:2,I had to ask her three times before she finally came back with the dish Ive requested.,0,1,0,0,0,0,0
1016296:3,"Food was okay, nothing great.",0,0,1,0,0,0,0
1016296:5,I/we will never go back to this place again.,1,0,0,0,0,0,0
1028246:0,"Went on a 3 day oyster binge, with Fish bringing up the closing, and I am so glad this was the place it O trip ended, because it was so great!",1,0,0,0,0,0,0
1028246:2,You can't go wrong here.,1,0,0,0,0,0,0
1032695:0,Every time in New York I make it a point to visit Restaurant Saul on Smith Street.,1,0,0,0,0,0,0
1032695:2,I had the duck breast special on my last visit and it was incredible.,0,0,1,0,0,0,0
1032695:3,Can't wait wait for my next visit.,1,0,0,0,0,0,0
1041457:1,And I hate to say this but I doubt I'll ever go back. ,1,0,0,0,0,0,0
1041457:3,The only thing I moderately enjoyed was their Grilled Chicken special with Edamame Puree.,0,0,1,0,0,0,0
1053543:4,We went around 9:30 on a Friday and it had died down a bit by then so the service was great!,0,1,0,0,0,0,0
1055910:0,we love th pink pony.,1,0,0,0,0,0,0
1055910:1,THe perfect spot.,1,0,0,0,0,0,0
1055910:2,Food-awesome.,0,0,1,0,0,0,0
1055910:3,Service- friendly and attentive.,0,1,0,0,0,0,0
1055910:4,Ambiance- relaxed and stylish.,0,0,0,1,0,0,0
1055910:5,"Don't judge this place prima facie, you have to try it to believe it, a home away from home for the literate heart.",1,0,0,0,0,0,0
1058221:2,the food is decent.,0,0,1,0,0,0,0
1058221:3,"however, it's the service that leaves a bad taste in my mouth.",0,1,0,0,0,0,0
1058221:4,"i happen to have a policy that goes along with a little bit of self-respect, which includes not letting a waiter intimidate me, i.e. make me feel bad asking for trivialities like water, or the check.",0,1,0,0,0,0,0
1058221:5,"i know, you were too busy showing off your vintage tee shirt and looking bored, but my agenda is i'm here to eat and enjoy the company of friends, seeking a pleasant experience.",0,1,0,0,0,0,0
1058221:6,"well, i didn't find it there, and trust, i have told everyone i can think of about my experience. ",1,0,0,0,0,0,0
1058221:7,the last time i walked by it looked pretty empty. hmmm.,1,0,0,0,0,0,0
1062641:0,This place has got to be the best japanese restaurant in the new york area.,1,0,0,0,0,0,0
1062641:1,I had a great experience.,1,0,0,0,0,0,0
1062641:2,Food is great.,0,0,1,0,0,0,0
1062641:3,Service is top notch.,0,1,0,0,0,0,0
1062641:4,I have been going back again and again.,1,0,0,0,0,0,0
1064477:0,"I tend to judge a sushi restaurant by its sea urchin, which was heavenly at sushi rose.",0,0,1,0,0,0,0
1064477:1,"It melted in my little mouth and the perfect consistency-not too fishy, creamy, and slightly buttery.",0,0,1,0,0,0,0
1064477:3,The rice to fish ration was also good--they didn't try to overpack the rice.,0,0,1,0,0,0,0
1064477:4,We took advanatage of the half price sushi deal on saturday so it was well worth it.,0,0,1,0,0,0,0
1074868:2,Surprisingly nothing could be further from the truth.,1,0,0,0,0,0,0
1074868:3,"In the evening, this place attracted a well dressed, with it, NY crowd.",1,0,0,0,0,0,0
1074868:5,I'm going back.,1,0,0,0,0,0,0
1084394:1,Quite simply it's like stepping out of Manhattan and into a haven of tranquility.,0,0,0,1,0,0,0
1084394:4,I will be going back and heartily recommend it!,1,0,0,0,0,0,0
1086415:3,"I am not a vegetarian but, almost all the dishes were great.",0,0,1,0,0,0,0
1086415:5,Go hungry and enjoy.,1,0,0,0,0,0,0
1086478:2,"The service varys from day to day- sometimes they're very nice, and sometimes not.",0,1,0,0,0,0,0
1086478:3,"The kitchen however, is almost always slow.",0,1,0,0,0,0,0
1086478:4,"Also, specify if you like your food spicy- its rather bland if you don't.",0,0,1,0,0,0,0
1090587:1,If you've ever been along the river in Weehawken you have an idea of the top of view the chart house has to offer.,0,0,0,0,0,1,0
1090587:3,The lava cake dessert was incredible and I recommend it.,0,0,1,0,0,0,0
1102681:0,"Once you step into Cosette, you're miraculously in a small, off-the-beaten path Parisian bistro.",0,0,0,1,0,0,0
1102681:1,"This tiny restaurant is as cozy as it gets, with that certain Parisian flair.",0,0,0,1,0,0,0
1118167:1,IT WAS HORRIBLE.,1,0,0,0,0,0,0
1118167:3,It looked like shredded cheese partly done - still in strips.,0,0,1,0,0,0,0
1119578:0,This has got to be one of the most overrated restaurants in Brooklyn.,1,0,0,0,0,0,0
1119578:3,"A big disappointment, all around.",1,0,0,0,0,0,0
1123262:0,I think I've had some the best meals of my life at minnow.,0,0,1,0,0,0,0
1123262:2,The combination of super-fresh ingredients in the dishes are unusual but really delicious.,0,0,1,0,0,0,0
1123262:3,Worth the trip from Manhattan.,1,0,0,0,0,0,0
1125284:0,"As a Japanese native, I've lived in the Tristate area for over 8 years, but I was just so amazed at this place.",1,0,0,0,0,0,0
1125284:1,This place is the most Japanese it can ever get.,1,0,0,0,0,0,0
1125284:3,This place is worth an one-hour drive.,1,0,0,0,0,0,0
1125284:4,"I am so coming back here again, as much as I can.",1,0,0,0,0,0,0
1126814:1,"My wife and I always enjoy the young, not always well trained but nevertheless friendly, staff, all of whom have a story.",0,1,0,0,0,0,0
1126814:4,Have been dozens of times and never failed to enjoy the experience.,1,0,0,0,0,0,0
1126814:5,"Our teenage kids love it, too.",1,0,0,0,0,0,0
1126886:0,"Everytime I decide to try another place on the UES, I get angry that I didn't just go to Zucchero Pomodori.",1,0,0,0,0,0,0
1126886:1,This is by far my favorite place in the neighborhood.,1,0,0,0,0,0,0
1126886:4,I'm partial to the Gnocchi.,1,0,0,0,0,0,0
1131595:0,This place is incredibly tiny.,0,0,0,1,0,0,0
1131595:1,They refuse to seat parties of 3 or more on weekends.,0,1,0,0,0,0,0
1131595:2,The hostess is rude to the point of being offensive.,0,1,0,0,0,0,0
1131595:3,The food was bland oily.,0,0,1,0,0,0,0
1131595:4,I just don't understand all the hype...,1,0,0,0,0,0,0
1138996:2,"We were worried we would have trouble getting in, but somehow managed to have a short wait.",0,1,0,0,0,0,0
1138996:3,As always we had a great glass of wine while we waited.,0,0,0,0,1,0,0
1138996:4,"When we sat, we got great and fast service.",0,1,0,0,0,0,0
1138996:5,The people that work there are always so friendly you forget you are in New York sometimes.,0,1,0,0,0,0,0
1138996:6,Make sure you try this place as often as you can.,1,0,0,0,0,0,0
1145510:0,This is a fun restaurant to go to.,1,0,0,0,0,0,0
1145510:2,But the pizza is way to expensive.,0,0,1,0,0,0,0
1147082:0,I went there for lunch and it was not as good as I expected from the reviews I read.,0,0,1,0,0,0,0
1147082:3,I don't think I would go again.,1,0,0,0,0,0,0
1147211:0,This place is great.,1,0,0,0,0,0,0
1147211:1,I had a huge group for my birthday and we were well taken care of.,0,1,0,0,0,0,0
1147211:3,"Service was prompt, friendly and great.",0,1,0,0,0,0,0
1153034:1,"There was a small wait, but shorter than I expected.",0,1,0,0,0,0,0
1153034:2,Located at the end of a magnificent block.,0,0,0,0,0,1,0
1153034:3,Very cozy and warm inside.....,0,0,0,1,0,0,0
1153034:4,I will be back!,1,0,0,0,0,0,0
1154550:0,This is the best sushi in new york city - hands down.,0,0,1,0,0,0,0
1154550:2,Get the tuna of gari.,0,0,1,0,0,0,0
1162037:1,"With the great variety on the menu , I eat here often and never get bored .",0,0,1,0,0,0,0
1162037:3,It's all about the food !!,0,0,1,0,0,0,0
1167434:1,first it took us a long time to find the place.,1,0,0,0,0,0,0
1167434:3,"but when we looked at the menu, there weren't a lot of choices, most of them were dumplings in the appetizer section.",0,0,1,0,0,0,0
1167434:6,"they were dry and disgusting, i didn't even finish my first piece.",0,0,1,0,0,0,0
1175958:0,Hurley's is like Cheers where everyone knows your name and they are ACTUALLY glad you came.,0,1,0,0,0,0,0
1175958:1,"Try the crunchy tuna, it is to die for.",0,0,1,0,0,0,0
1175958:2,"Try everything for that matter, it is all good.",0,0,1,0,0,0,0
1175958:3,I have been going there since it opened and I can't get enough.,1,0,0,0,0,0,0
1189674:0,First went here to enjoy their garden terrace.,0,0,0,1,0,0,0
1189674:2,"The Steak Tartare is a great bet, they fix it for you at the table.",0,0,1,0,0,0,0
1189674:6,"Have recommended the place to friends, always gets good response.",1,0,0,0,0,0,0
1199292:3,I take all my NYC guests to VT's.,1,0,0,0,0,0,0
1199480:1,I've been there three times and have always had wonderful experiences.,1,0,0,0,0,0,0
1205520:0,I'm not sure where the other reviewers ate but it seems as if we visited two different restaurants because my friends and I all enjoy Mizu very much... and we're repeat customers.,1,0,0,0,0,0,0
1205520:1,Even after they overcharged me the last time I was there.,0,1,0,0,0,0,0
1205520:2,Make sure you have the Spicy Scallop roll.. .,0,0,1,0,0,0,0
1205520:3,it's delicious!,0,0,1,0,0,0,0
1212346:1,"Took my mom for Mother's Day, and the maitre d' was pretty rude.",0,1,0,0,0,0,0
1212346:2,"Told us to sit anywhere, and when we sat he said the table was reserved.",0,1,0,0,0,0,0
1212346:3,Stepped on my foot on the SECOND time he reached over me to adjust lighting.,0,1,0,0,0,0,0
1221938:1,Try their chef's specials-- they are to die for.,0,0,1,0,0,0,0
1221938:2,"Service is not exactly five star, but thats not really a big deal.",0,1,0,0,0,0,0
1221938:3,Downstairs lounge is always a good attraction,0,0,0,1,0,0,0
1225162:0,"Raga's is a romantic, cozy restaurant.",0,0,0,1,0,0,0
1225162:2,It is also extremely well priced.,0,0,1,0,0,0,0
1225162:3,The staff is incredibly helpful and attentive.,0,1,0,0,0,0,0
1225162:5,This is one of my favorite restaurants and it is not to be missed.,1,0,0,0,0,0,0
1225162:6,Your friends will thank you for introducing them to this gem!,1,0,0,0,0,0,0
1227999:0,"When we stumbled on Leon, we thought that we had found quite the gem BUT, we were certainly wrong.",1,0,0,0,0,0,0
1227999:1,"The waitress moved our table practically into the bathroom and when we asked to cancel our dinner orders because we did not want to eat sitting on the toilet, we were told no...",0,1,0,0,0,0,0
1227999:2,"Then, to top things off, she dropped used silverware on my boyfriend's jacket and did not stop to apologize or clean the mess that was left on clothes. ",0,1,0,0,0,0,0
1227999:3,Such a disappointment...,0,1,0,0,0,0,0
1230993:0,I had a grat time at Jekyll and Hyde!,1,0,0,0,0,0,0
1230993:2,Our server was very helpful and friendly.,0,1,0,0,0,0,0
1230993:3,I am bringing my whole family back next time.,1,0,0,0,0,0,0
1230993:4,The food was good too.,0,0,1,0,0,0,0
1232468:1,The outdoor atmosphere of sitting on the sidewalk watching the world go by 50 feet away on 6th avenue on a cool evening was wonderful.,0,0,0,0,0,1,0
1232468:2,"Inside is a little cramped, but to be expected.",0,0,0,1,0,0,0
1232468:3,Service was prompt and courteous.,0,1,0,0,0,0,0
1232468:4,This was a repeat visit and we'll definitely be back again.,1,0,0,0,0,0,0
1241906:1,Prices are in line.,1,0,0,0,0,0,0
1241906:3,But too far east!,0,0,0,0,0,1,0
1253117:2,"Two complaints- their appetizer selection stinks, it would be nice to get some mozzarella sticks on the menu.",0,0,1,0,0,0,0
1256373:0,By far the best salad I have had in a fast food restaurant.,0,0,1,0,0,0,0
1256373:1,fine dining restaurant quality.,0,0,1,0,0,0,0
1256373:2,Over 100 different choices to create your own.,0,0,1,0,0,0,0
1256373:3,A must try!,1,0,0,0,0,0,0
1264954:0,"On a recent Sunday afternoon, a friend and I accidently found this great restaurant on our way to see the pulitzer prize winning play DOUBT.",1,0,0,0,0,0,0
1264954:3,"With so many poor experiences to be had in the theater district, is truly an excellent find!",1,0,0,0,0,0,0
1264954:4,We will return many times for this oasis in mid-town.,1,0,0,0,0,0,0
1269216:1,The staff is no nonsense.,0,1,0,0,0,0,0
1269216:2,The food options rule.,0,0,1,0,0,0,0
1269216:3,When I lived upstate for a while I would buy freeze the bagels and they would still be better than any else.,0,0,1,0,0,0,0
1269216:4,Worth visiting the 1st Ave spot because it is the original store.,1,0,0,0,0,0,0
1275154:4,"He served me an Uni Hand roll, which I never had before, and let me tell you...IT WAS HEAVEN!",0,0,1,0,0,0,0
1275154:6,The sake menu should not be overlooked!,0,0,0,0,1,0,0
1275154:7,"All in all, this midtown gem instantly became one of my favorite sushi restaurants in the city.",1,0,0,0,0,0,0
1280166:1,"Service was very good - prompt, attentive and non-intrusive.",0,1,0,0,0,0,0
1280179:0,"I've been to at Cafe Spice probably 5-8 times, it is probably still the best Indian restaurant around Union Square.",1,0,0,0,0,0,0
1280179:1,"To sum it up: Service varies from good to mediorce, depending on which waiter you get; generally it is just average Ok. ",0,1,0,0,0,0,0
1280179:2,"Seating is always prompt, though the restaurant does fill up in the evening.",0,1,0,0,0,0,0
1280179:4,"As many other reviewers noticed, your order is often slow to arrive - this is particularly true in the evening but is not a problem during lunch time.",0,1,0,0,0,0,0
1286916:0,I have NEVER been disappointed in the Red Eye.,1,0,0,0,0,0,0
1286916:3,It's simply the best meal in NYC.,0,0,1,0,0,0,0
1286916:4,You cannot go wrong at the Red Eye Grill.,1,0,0,0,0,0,0
1287538:0,"If we were to move from the upper east side, we would genuinely miss this restaurant.",1,0,0,0,0,0,0
1287538:2,The restaurant is cute but not upscale.,1,0,0,0,0,0,0
1287538:4,I would highly recommend it.,1,0,0,0,0,0,0
1287538:5,It's one of our favorite places to eat in NY.,1,0,0,0,0,0,0
1289424:0,We had a great time at the Jekyll and hyde Pub last night.,1,0,0,0,0,0,0
1289424:2,After really enjoying ourselves at the bar we sat down at a table and had dinner.,1,0,0,0,0,0,0
1289424:3,The server was really cool and served us our food and drinks with a smile.,0,1,0,0,0,0,0
1289424:5,I highly recommend visiting this restaurant and having dinner and drinks!,1,0,0,0,0,0,0
1293334:0,"If you are the type of person who likes being scared and entertained, this is a great place to go and eat.",1,0,0,0,0,0,0
1293334:1,"My husband and I thougt it would be great to go to the Jekyll and Hyde Pub for our anniversary, and to our surprise it was fantastic.",1,0,0,0,0,0,0
1293334:3,The entertainment was great they have shows that go on through out the dinner.,0,0,0,1,0,0,0
1293334:4,"Please take my advice, go and try this place.",1,0,0,0,0,0,0
1293334:6,You will not be disapointed at all.,1,0,0,0,0,0,0
1297844:1,We were not dissappointed in the least bit by this little gem.,1,0,0,0,0,0,0
1297844:2,The bagel was huge.,0,0,1,0,0,0,0
1297844:3,They were served warm and had a soft fluffy interior.,0,0,1,0,0,0,0
1297844:4,The workers there also absolutely load the bagel with cream cheese (gets a little messy).,0,0,1,0,0,0,0
1297844:5,I loved it and would HIGHLY RECOMMEND.,1,0,0,0,0,0,0
1303888:0,All the staff is absolutely professional!! ,0,1,0,0,0,0,0
1303888:3,"(that is A MUST, but not every restaurant can do...) ",0,1,0,0,0,0,0
1303888:5,"There's nice and quiet, small but enough for 6 (or more).",0,0,0,1,0,0,0
1303984:0,This restaurant was way overhyped.,1,0,0,0,0,0,0
1303984:1,My chow fun and chow see was really bland and oily.,0,0,1,0,0,0,0
1303984:2,Okay-i don't mind the oily part (cause most are cooked that way) but it was way too bland.,0,0,1,0,0,0,0
1308557:2,I definitely wouldn't go back.,1,0,0,0,0,0,0
1318537:2,I will be going back very soon.,1,0,0,0,0,0,0
1318537:3,keep up the good work.,1,0,0,0,0,0,0
1318537:4,Hats off to the chef.,0,0,1,0,0,0,0
1328078:2,It was wonderful.,1,0,0,0,0,0,0
1328078:3,"the salads are delicious, both refreshing and very spicy.",0,0,1,0,0,0,0
1328078:4,We had Pam's special fried fish and it was amazing.,0,0,1,0,0,0,0
1335154:1,"Great vibe, lots of people.",0,0,0,1,0,0,0
1335154:4,"I didn't complain, I liked the atmosphere so much.",0,0,0,1,0,0,0
1335656:1,On a hot day it was fabulous to stop in and enjoy lunch.,1,0,0,0,0,0,0
1335656:3,Salads were fantastic.,0,0,1,0,0,0,0
1335656:4,Although we were looking for regular lettuce and some walnuts the salads we got were great.,0,0,1,0,0,0,0
1335656:5,Ingredients are organic which is a real plus for me.,0,0,1,0,0,0,0
1335656:6,We will be back.,1,0,0,0,0,0,0
1338124:3,The Yellowtail was particularly good as well.,0,0,1,0,0,0,0
1338124:5,"In any event, this is a place I'll be sure to stop by again when I'm in this part of town.",1,0,0,0,0,0,0
1340075:0,Big Wong gets big Ups for a fine establishment.,1,0,0,0,0,0,0
1340075:3,The food is prepared quickly and efficiently.,0,1,0,0,0,0,0
1340075:5,The takeout is great too since they give high quality tupperware as well.,0,1,0,0,0,0,0
1340075:6,This place is always very crowded and popular.,1,0,0,0,0,0,0
1341354:3,"We concluded with tiramisu chocolate cake, both were delicious.",0,0,1,0,0,0,0
1341354:4,We'd go back again,1,0,0,0,0,0,0
1347423:0,I recently went to this restaurant with some co-workers for lunch and had an amazing time.,1,0,0,0,0,0,0
1347423:2,We even had a visit from the Manager who wanted to make sure we were enjoying ourselves.,0,1,0,0,0,0,0
1347423:4,We all felt it was worth it.,1,0,0,0,0,0,0
1349391:2,it is not consistent.,1,0,0,0,0,0,0
1352948:1,And where does Patis go wrong; no where. ,1,0,0,0,0,0,0
1352948:3,And evaluated on those terms Pastis is simply wonderful.,1,0,0,0,0,0,0
1353599:2,My friend got the mushroom pizza which tasted better.,0,0,1,0,0,0,0
1353599:3,The sangria was pretty tasty and good on a hot muggy day.,0,0,0,0,1,0,0
1353599:4,Kind of a small place but I guess if they are not too busy might be able to fit a group or kids.,1,0,0,0,0,0,0
1353599:5,Overall I would recommend it and go back again.,1,0,0,0,0,0,0
1357554:0,I started out with a Bombay beer which was big enough for two.,0,0,0,0,1,0,0
1357554:2,MMmmm... it was delicious.,0,0,1,0,0,0,0
1357554:4,It's a nice place to relax and have conversation.,0,0,0,1,0,0,0
1357554:5,I can't wait to go back.,1,0,0,0,0,0,0
1367358:1,The food is authentic Italian - delicious!,0,0,1,0,0,0,0
1380450:0,I'm still mad that i had to pay for lousy food.,0,0,1,0,0,0,0
1380450:3,DO not try unless you're just going there to hang out like the rest of the hipsters who apparently have no sense of taste.,1,0,0,0,0,0,0
1387314:0,I go and eat out at many different restaurants and this is one place you have go and try.,1,0,0,0,0,0,0
1387314:2,The filet mignon dish was superb!,0,0,1,0,0,0,0
1387314:3,I would defiantly come back here again as one of my top choices.,1,0,0,0,0,0,0
1387314:4,It's a small cute restaurant.,1,0,0,0,0,0,0
1390357:0,I absolutely love this place!!!,1,0,0,0,0,0,0
1390357:2,"I like the ambience, it's very dark and original.",0,0,0,1,0,0,0
1390357:4,The sushi is amazing!!! ,0,0,1,0,0,0,0
1390357:5,And amazingly cheap.,0,0,1,0,0,0,0
1390357:6,Big thumbs up!,1,0,0,0,0,0,0
1394712:1,We ordered some beef and noodle soup dishes from the Thai section of the menu but nothing we got was Thai.,0,0,1,0,0,0,0
1394712:2,We were very disappointed.,0,0,1,0,0,0,0
1394712:3,We won't go to this place again for a good meal.,0,0,1,0,0,0,0
1394712:4,"However, I think this place is a good hang out spot.",0,0,0,1,0,0,0
1395421:0,My Girlfriend and I stumbled onto this hopping place the other night and had a great time!,1,0,0,0,0,0,0
1395421:2,It is one the nicest outdoor restaurants I have ever seen in NY--I am from Italy and this place rivals the ones in my country.,0,0,0,1,0,0,0
1395421:3,"They tell me they are going to cover the garden in glass for the winter, so i'm looking forward to going there on a snowy night to enjoy it.",1,0,0,0,0,0,0
1395421:4,Check this place out!,1,0,0,0,0,0,0
1395421:5,HIGHLY RECOMMENDED!!!!!,1,0,0,0,0,0,0
1398844:0,"First of all, this place is *not* romantic, as claimed by Citysearch's editorial review.",0,0,0,1,0,0,0
1398844:1,"Either that, or the editor's idea of romance must be sharing a conversation with the next table, while trying to speak louder than the traffic on 57th.",0,0,0,1,0,0,0
1398844:4,Service is not what one would expect from a joint in this price category.,0,1,0,0,0,0,0
1398844:5,"For instance, plates were just dumped on the table, I was handed the wine list upside down, etc.... ",0,1,0,0,0,0,0
1398844:6,Somehow working the italian charm with constant mille grazie does not constitute proper service.,0,1,0,0,0,0,0
1404042:2,Fish was overdone.,0,0,1,0,0,0,0
1404042:4,Someone else recommended the dessert - we also left that.,0,0,1,0,0,0,0
1404042:5,One of us actually liked the expresso - that's it.,0,0,0,0,1,0,0
1404042:6,"Skip this restaurant, it's a big disappointment.",1,0,0,0,0,0,0
1410878:0,Myagi is one of my favorite restaurants in the City; the place the negative reviews describe sound like they were somewhere else.,1,0,0,0,0,0,0
1410878:2,Their tuna tartar appetizer is to die for.,0,0,1,0,0,0,0
1413697:0,"I come from a family of pizzeria owners, and I'm almost ashamed to say that the pizza in Fornino's blows my families receipies away.",0,0,1,0,0,0,0
1413697:1,It is simply amazing.,0,0,1,0,0,0,0
1413697:3,I highly recommend to anyone to give this place a try.,1,0,0,0,0,0,0
1413697:4,You will find yourself returning quite often.,1,0,0,0,0,0,0
1417496:1,No gimmicks here -- the food speaks for itself in its freshness and preparation.,0,0,1,0,0,0,0
1417496:2,The dining room is quietly elegant with no music to shout over -- how refreshing!,0,0,0,1,0,0,0
1417496:5,Beautiful experience.,1,0,0,0,0,0,0
1430994:1,The staff offers impeccable service.,0,1,0,0,0,0,0
1430994:2,I had Lobster Bisque it has 2 oz. of Maine Lobster in it.,0,0,1,0,0,0,0
1430994:5,It was divine melts in your mouth.,0,0,1,0,0,0,0
1430994:6,My boyfriend had Prime Rib it was good .,0,0,1,0,0,0,0
1430994:7,We didn't want a bottle of bubbly on a weekday so we each got little bottles of Korbett it was just enough. ,0,0,0,0,1,0,0
1430994:9,It's cuz it's so good you need to taste it!!! ,0,0,1,0,0,0,0
1430994:10,All in all we're already coming up with excuses to go ahead really soon in the next few wks!!!!,1,0,0,0,0,0,0
1431154:0,My wife and I ate here earlier this week and have not stopped ranting and raving about the food.,0,0,1,0,0,0,0
1431154:1,If you like spicy food get the chicken vindaloo.,0,0,1,0,0,0,0
1431154:2,It's very spicy but not offensive.,0,0,1,0,0,0,0
1431154:3,We will definitely go back.,1,0,0,0,0,0,0
1432551:1,The portions are large and the servers always surprise us with a different starter.,0,0,1,0,0,0,0
1432551:2,The wine list is excellent.,0,0,0,0,1,0,0
1439875:5,Please be aware that it's CASH or AMEX only!,1,0,0,0,0,0,0
1448587:1,The menu is very limited - i think we counted 4 or 5 entrees.,0,0,1,0,0,0,0
1448587:2,"We ordered the special, grilled branzino, that was so infused with bone, it was difficult to eat.",0,0,1,0,0,0,0
1448587:3,"The decor in this place is very diner-ish and the kind of place you expect in the East Village - not romantic, just simple, small and sparse.",0,0,0,1,0,0,0
1448587:4,Problem is nothing at Prune is particularly memorable.,1,0,0,0,0,0,0
1448587:5,No plans to return anytime soon.,1,0,0,0,0,0,0
1451107:0,This place is so much fun.,0,0,0,1,0,0,0
1451107:1,Our family never expected such incredible entertainment in a restaurant.,0,0,0,1,0,0,0
1451107:4,Our food was great too!,0,0,1,0,0,0,0
1451107:5,And really large portions.,0,0,1,0,0,0,0
1451107:6,The staff was the friendliest that have seen in New York.,0,1,0,0,0,0,0
1451107:7,We will go back every time we are in the City.,1,0,0,0,0,0,0
1451109:0,If you want something really different than try Jekyll and Hyde.,1,0,0,0,0,0,0
1451109:1,It is a lot of fun with live entertainment and all kinds of Disney type special effects.,0,0,0,1,0,0,0
1451109:3,I highly recommend it.,1,0,0,0,0,0,0
1457607:0,The place is a lot of fun.,0,0,0,1,0,0,0
1457607:1,My six year old loved it.,1,0,0,0,0,0,0
1457607:2,The characters really make for an enjoyable experience.,0,0,0,1,0,0,0
1457607:3,"The food however, is what one might expect.",0,0,1,0,0,0,0
1457607:5,"However, I think Jeckll and Hydes t is one of those places that is fun to do once.",1,0,0,0,0,0,0
1457607:6,We had a good time.,1,0,0,0,0,0,0
1459569:0,Went there with my wife and we had to wait for a table even though you could see there many that were empty with not reservation sigh on them.,0,1,0,0,0,0,0
1459569:1,Service was slow had to wait to order and get food although not crowded.,0,1,0,0,0,0,0
1459569:2,Drinks way over priced.,0,0,0,0,1,0,0
1460715:0,Great pizza for lunch place.,0,0,1,0,0,0,0
1460715:1,Service was quick.,0,1,0,0,0,0,0
1460715:2,The pizza was great.,0,0,1,0,0,0,0
1460715:3,And it was quick which is very important.,0,1,0,0,0,0,0
1460715:5,It was wonderful.,0,0,0,0,1,0,0
1470286:1,Delivery is fast too.,0,1,0,0,0,0,0
1470334:1,Ess-A-Bagel (either by Sty-town or midtown) is by far the best bagel in NY.,0,0,1,0,0,0,0
1470334:4,The lox is always fresh too.,0,0,1,0,0,0,0
1470334:5,Highly recommended to all!,1,0,0,0,0,0,0
1471273:2,Not impressed with the food.,0,0,1,0,0,0,0
1471273:4,Zero ambiance to boot.,0,0,0,1,0,0,0
1476493:0,I thought this place was totally overrated.,1,0,0,0,0,0,0
1476493:1,Everything we had was good or ok....but definitely nothing great.,0,0,1,0,0,0,0
1477631:0,This is the BEST Shabu-Shabu Restaurant in the Try-State Area.,1,0,0,0,0,0,0
1477631:2,Thius is a must for anyone who loves Shabu-Shabu.,0,0,1,0,0,0,0
1486041:0,"The atmosphere is nothing special, but it feels like a Sushi establishment in Tokyo.",0,0,0,1,0,0,0
1486041:3,I must give it Yon out of Yon stars!,1,0,0,0,0,0,0
1486041:4,Taxan delicious!,0,0,1,0,0,0,0
1490757:1,We weren't!,1,0,0,0,0,0,0
1490757:3,"We liked it so much, that we will always make it a point to dine here when we visit New York.",1,0,0,0,0,0,0
1496205:2,There is a lot of variety even for people who eat vegetarian like me.,0,0,1,0,0,0,0
1496205:3,Try green curry with vegetables.,0,0,1,0,0,0,0
1496205:4,"The quantity is also very good, you will come out satisfied.",0,0,1,0,0,0,0
1496205:5,"The service is ok, some of the people didn't get what they asked for.",0,1,0,0,0,0,0
1496707:0,I was there on sat. for my birthday and we had an excellent time.,1,0,0,0,0,0,0
1496707:1,I had the best ravioli ever.,0,0,1,0,0,0,0
1496707:3,Moderate prices.,1,0,0,0,0,0,0
1496707:4,A little noise but I think that was because of our party!,0,0,0,1,0,0,0
1500453:5,A guaranteeed delight!,1,0,0,0,0,0,0
1506491:2,Check out the secret back room.,0,0,0,1,0,0,0
1506491:4,I pray it stays open forever.,1,0,0,0,0,0,0
1506491:5,Thank You Emilio.,1,0,0,0,0,0,0
1538149:1,The food was authentic.,0,0,1,0,0,0,0
1538149:2,I felt as though I were eating in Paris.,0,0,1,0,0,0,0
1538149:3,The service was excellent - friendly and attentive.,0,1,0,0,0,0,0
1538149:4,The prices are wonderfully low.,1,0,0,0,0,0,0
1538149:5,Very good wine choices.,0,0,0,0,1,0,0
1543345:1,Who has room for Cheesesticks with the best pizza in NYC!,0,0,1,0,0,0,0
1543345:3,Great staff.,0,1,0,0,0,0,0
1543345:4,Always great service!,0,1,0,0,0,0,0
1543345:5,I go twice a month!,1,0,0,0,0,0,0
1543345:6,Fantastic!,1,0,0,0,0,0,0
1561259:0,"The food is good, I can't lie.",0,0,1,0,0,0,0
1561259:1,But the staff was so horrible to us.,0,1,0,0,0,0,0
1561259:3,We were planning to get dessert but the waitress basically through the bill at us before we had a chance to order.,0,1,0,0,0,0,0
1561259:5,Save yourself the time and trouble and skip this one!,1,0,0,0,0,0,0
1572027:1,Amma is nothing special.,1,0,0,0,0,0,0
1572027:4,Will not be back.,1,0,0,0,0,0,0
1572033:2,This place is always packed.,0,0,0,1,0,0,0
1572033:4,"Most importantly, food is excellent.",0,0,1,0,0,0,0
1572033:5,Try the sea bass.,0,0,1,0,0,0,0
1572033:6,Highly recommended.,1,0,0,0,0,0,0
1573534:0,First of all Dal Bukhara Rocks.,0,0,1,0,0,0,0
1573534:3,I am happy i did the food was awsome.,0,0,1,0,0,0,0
1573534:4,JUST AWSOME.,0,0,1,0,0,0,0
1573534:7,but overall i give it a 10,1,0,0,0,0,0,0
1573534:8,10,1,0,0,0,0,0,0
1577714:1,Haru on Park S is simply disgusting.,1,0,0,0,0,0,0
1577714:3,"Quite frankly, this is some of the worst sushi I have ever tried.",0,0,1,0,0,0,0
1577714:4,Will never be back.,1,0,0,0,0,0,0
1586174:0,honestly the worst sushi my husband and i had in our entire lives.,0,0,1,0,0,0,0
1586174:2,not sure why this restaurant would be rated that highly.,1,0,0,0,0,0,0
1586174:3,the all-u-can-eat sushi is definitely in very poor quality.,0,0,1,0,0,0,0
1586174:6,the waitstaffs are nice though.,0,1,0,0,0,0,0
1586174:7,wont come back again for sure!,1,0,0,0,0,0,0
1603698:0,I have been to Roth's twice and both times were very disappointing.,1,0,0,0,0,0,0
1603698:2,"Both times I was extremely dissappointed by the service, which was boarderline rude.",0,1,0,0,0,0,0
1603698:3,They wouldnt even let me finish my glass of wine before offering another.,0,1,0,0,0,0,0
1603698:4,Much of the time it seems like they do not care about you.,0,1,0,0,0,0,0
1603698:5,"The dinner was ok, nothing I would have again.",0,0,1,0,0,0,0
1603698:6,"I had their eggs benedict for brunch, which were the worst in my entire life, I tried removing the hollondaise sauce completely that was how failed it was.",0,0,1,0,0,0,0
1606837:0,This was a great surprise.,1,0,0,0,0,0,0
1606837:2,The service was attentive.,0,1,0,0,0,0,0
1606837:3,I look forward to eating here again,1,0,0,0,0,0,0
1609375:0,Planet Thai is great!,1,0,0,0,0,0,0
1611489:0,"They forgot a sandwich, didn't include plastic forks, and didn't include pita with the hummus platter.",0,1,0,0,0,0,0
1615322:1,Chennai Garden is my favorite Indian restaurant in the city.,1,0,0,0,0,0,0
1615322:3,This restaurant is VEGETARIAN; there are NO MEAT dishes whatsoever.,0,0,1,0,0,0,0
1615322:4,The seats are uncomfortable if you are sitting against the wall on wooden benches.,0,0,0,1,0,0,0
1623276:2,This is a nice restaurant if you are looking for a good place to host an intimate dinner meeting with business associates.,1,0,0,0,0,0,0
1623276:3,Not a great place for family or general dining.,1,0,0,0,0,0,0
1626564:0,LLOOVVE THIS PLACE.,1,0,0,0,0,0,0
1626564:1,Food is excellent.,0,0,1,0,0,0,0
1626564:2,Fish is so very fresh.,0,0,1,0,0,0,0
1626564:3,Waitstaff are very friendly.,0,1,0,0,0,0,0
1626564:4,Love YUKA.,1,0,0,0,0,0,0
1632445:4,The only fallback on this restaurant is the prices.,1,0,0,0,0,0,0
1632929:2,We were very pleasantly surprised.,1,0,0,0,0,0,0
1632929:4,"When my dessert came, there was a candle in it - not because anyone asked for one - but because the waiter must have seen me opening my birthday card and gift, and said he knew it was a special occassion of some sort.",0,1,0,0,0,0,0
1632929:5,Truly the mark of an attentive waiter.,0,1,0,0,0,0,0
1632929:6,I highly recommend the restaurant based on our experience last night.,1,0,0,0,0,0,0
1642666:0,We ate at this Thai place following the reviews but very unhappy with the foods.,0,0,1,0,0,0,0
1642666:1,We thought that this place is using too much of MSG cooking in the foods.,0,0,1,0,0,0,0
1642666:3,"They don't concern much of customer's health, just want to make money.",1,0,0,0,0,0,0
1642666:4,please don't fool us.,1,0,0,0,0,0,0
1649025:3,"Of course, it is crowded but who cares.",0,0,0,1,0,0,0
1649025:4,Authentic Shanghai style and I cannot recommend a better Shanghai place in New York.,1,0,0,0,0,0,0
1655504:0,Have frequented 'ino for several years and the food remains excellent.,0,0,1,0,0,0,0
1655504:3,"(The asparagus, truffle oil, parmesan bruschetta is a winner!)",0,0,1,0,0,0,0
1655504:5,"Be sure to try the seasonal, and always delicious, specials.",0,0,1,0,0,0,0
1655504:6,Definitely a neighborhood favorite.,1,0,0,0,0,0,0
1655521:0,I loved this place!!,1,0,0,0,0,0,0
1655521:1,I almost hesititate to write a review because the atmosphere was so great and I would hate for it too become to crowded.,0,0,0,1,0,0,0
1655521:3,"The wait staff is very freindly, they make it feel like you're eating in a freindly little european town.",0,1,0,0,0,0,0
1660047:1,"The service was terrible, we had to wait for everything and ask several of different people for the same thing before we were allowed to be served.",0,1,0,0,0,0,0
1660047:2,"The waitress, seems to be more concerned of looking good than actually waitressing.",0,1,0,0,0,0,0
1660047:3,"After dinner the manager grabbed my boyfriend, asked him: Where are you from...maybe you dont know how things work in America...and in the end stormed away almost teareyed yelling that tips are the only thing they survive on.",0,1,0,0,0,0,0
1660047:4,"We did tip, I guess the model/waitress just wanted more and complained to the manager.",0,1,0,0,0,0,0
1661043:0,Pizza here is consistently good.,0,0,1,0,0,0,0
1661043:1,Salads are a delicious way to begin the meal.,0,0,1,0,0,0,0
1661043:2,You should pass on the calamari.,0,0,1,0,0,0,0
1661043:3,It is thick and slightly soggy.,0,0,1,0,0,0,0
1661043:4,Decor is charming.,0,0,0,1,0,0,0
1661043:5,Service is average.,0,1,0,0,0,0,0
1661757:0,What a great place.,1,0,0,0,0,0,0
1661757:3,"I wasn't thrilled to have to wait on line for thirty minutes, but I guess that's the price you pay for a popular place.",0,1,0,0,0,0,0
1661757:4,I would definitely recommend SEA if you like thai cuisine!,0,0,1,0,0,0,0
1662726:0,I was here a few weeks back and we had the worst customer service experience at a restaurant ever.,0,1,0,0,0,0,0
1662726:1,"A gentleman, maybe the manager, came to our table, and without so much as a smile or greeting asked for our order.",0,1,0,0,0,0,0
1662726:2,"When asked about how a certain dish was prepared in comparison to a similar at other thai restaurants, he replied this is not Mcdonald's, every place makes things differently ",0,1,0,0,0,0,0
1662726:3,"While it is understandable that every place is indeed different, there was not a need to be uncourteous to customers and downright rude.",0,1,0,0,0,0,0
1662726:5,Never again!,1,0,0,0,0,0,0
1663111:0,I absolutely Loved this place.,1,0,0,0,0,0,0
1663111:3,this is can became on e of the NY Italian Food fare institutions.,1,0,0,0,0,0,0
1663111:4,I think that it is absolutely brilliant and well runned business operation.,1,0,0,0,0,0,0
1663111:5,The wine list is also really nice.,0,0,0,0,1,0,0
1664346:2,I would highly recommend this place!,1,0,0,0,0,0,0
1671113:0,I have been to Casimir over 5 times and I have always had a great time there.,1,0,0,0,0,0,0
1671113:2,"I have tried to make reservations, but both times, the hostess didn't have my name.",0,1,0,0,0,0,0
1671113:3,"If the weather is nice, try to snag an outside table.",0,0,0,1,0,0,0
1700205:0,My boyfriend and I went there to celebrate my birthday the other night and all I can say is that it was magnificent.,1,0,0,0,0,0,0
1700205:2,"Considering we were the last patrons there and it was after the closing time, the waitstaff did not rush us at all and made us feel comfortable and relaxed.",0,1,0,0,0,0,0
1702257:0,Nice Family owned traditional restaurant.,1,0,0,0,0,0,0
1702257:2,I was pleasantly surprised to find this gem in Hoboken.,1,0,0,0,0,0,0
1702257:3,Friendly staff that actually lets you enjoy your meal and the company you're with.,0,1,0,0,0,0,0
1706644:2,"I also ordered the Change Mojito, which was out of this world.",0,0,0,0,1,0,0
1706644:3,"My friends settled for rice dishes, but we came back the following day to try the dim sum, which was good...not outstanding, but good.",0,0,1,0,0,0,0
1706644:5,"Overall, excellent restaurant!",1,0,0,0,0,0,0
1707201:1,The food was good.,0,0,1,0,0,0,0
1707201:2,The place was nice and calm.,0,0,0,1,0,0,0
1707201:3,but the service was a bit slow.,0,1,0,0,0,0,0
1707741:1,The buffet had a nice selection.,0,0,1,0,0,0,0
1707741:3,Service was also very good.,0,1,0,0,0,0,0
1707741:4,I would go back.,1,0,0,0,0,0,0
1710746:2,My son and his girlfriend both wanted cheeseburgers and they were huge!,0,0,1,0,0,0,0
1710746:3,"But, they were too big for the bun.",0,0,1,0,0,0,0
1710746:4,"Consequently, their burgers fell apart in their hands and made such a mess that they did'nt feel like finishing them.",0,0,1,0,0,0,0
1710746:5,Also they were $15 each!,0,0,1,0,0,0,0
1710746:6,I had a huge pastrami sandwich on a roll.,0,0,1,0,0,0,0
1713185:2,And the Tom Kha soup was pathetic.,0,0,1,0,0,0,0
1713185:3,If you want good authentic Thai this place is not the place to go.,0,0,1,0,0,0,0
1718513:0,"We went here for lunch a couple of weeks ago on a Saturday, and I was thoroughly impressed with the food.",0,0,1,0,0,0,0
1718513:2,"Conveniently located too, being right on Bedford ave.",0,0,0,0,0,1,0
1718513:3,"THe back garden sitting area is very pleasant, where you can see their personal herb garden.",0,0,0,1,0,0,0
1718513:4,I will definetly be going back.,1,0,0,0,0,0,0
1719567:0,We had the lobster sandwich and it was FANTASTIC.,0,0,1,0,0,0,0
1719567:4,We waited at the bar and had martinis that were just right.,0,0,0,0,1,0,0
1719567:5,We will be back.,1,0,0,0,0,0,0
1723402:0,love the food.,0,0,1,0,0,0,0
1723402:1,it's the only place you can get yummy authentic japanese comfort food.,0,0,1,0,0,0,0
1723402:3,and you can't beat the prices.,1,0,0,0,0,0,0
1723402:4,highly recommended.,1,0,0,0,0,0,0
1723658:0,I've lived in NY for 5 years and this place has it all.,1,0,0,0,0,0,0
1723658:3,I'm glad I was introduced to this place and this is a rare gem in NY.,1,0,0,0,0,0,0
1726001:2,Also very inexpensive.,1,0,0,0,0,0,0
1726427:3,Definitely a great spot for a nice occasion or date.,1,0,0,0,0,0,0
1726473:1,I've waited over one hour for food.,0,1,0,0,0,0,0
1726473:2,They were very abrupt with me when I called and actually claimed the food was late because they were out of rice.,0,1,0,0,0,0,0
1726473:3,A Thai restaurant out of rice during dinner?,1,0,0,0,0,0,0
1727363:2,An excellent service,0,1,0,0,0,0,0
1728733:1,We were greeted promptly by the waiter who was very nice and cordial.,0,1,0,0,0,0,0
1728733:4,The food looked very appetizing and delicious since it came on a variety of fancy plates.,0,0,1,0,0,0,0
1728733:5,We ended our great experience by having Gulab Jamun (dessert) recommended by the waiter.,0,0,1,0,0,0,0
1728733:6,I thanked my friend who recommended me this restaurant and will certainly recommend it to others.,1,0,0,0,0,0,0
1730014:3,Will absolutely visit again.,1,0,0,0,0,0,0
1730127:0,You cannot go wrong with this place.,1,0,0,0,0,0,0
1730127:3,Go here.,1,0,0,0,0,0,0
1730127:4,Good for dates or with friends.,1,0,0,0,0,0,0
1730447:0,I am reluctant to write because I would not want my jem of a pizza place to become overcrowded.,1,0,0,0,0,0,0
1730447:1,"However, it is jus too good to not praise it.",1,0,0,0,0,0,0
1730447:2,"By far, the best pizza in Manhattan.",0,0,1,0,0,0,0
1746113:1,The menu has so many fish items and oysters.,0,0,1,0,0,0,0
1746113:3,"The fish was really,really fresh.",0,0,1,0,0,0,0
1746113:5,We all agreed that mare is one of the best seafood restaurants in New York.,1,0,0,0,0,0,0
1748813:0,I stumbled upon this great pizzeria as I explored my new neighborhood.,1,0,0,0,0,0,0
1748813:2,I highly recommend the Sophia pizza.,0,0,1,0,0,0,0
1748813:3,It's to die for!,0,0,1,0,0,0,0
1748839:1,"Immediately after we paid, the waiter took the money and said, okay, you guys are outta here.",0,1,0,0,0,0,0
1748839:6,So rushing us out was absolutely unnecessary!,0,1,0,0,0,0,0
378848:2,I'm sure I'll return for a final judgement tho.,1,0,0,0,0,0,0
397331:0,Mizu is the Japenese find in Grammercy.,1,0,0,0,0,0,0
397331:2,Mizu is home to creative and unique rolls not to found anywhere else.,0,0,1,0,0,0,0
397331:4,Warning: You may find it difficult to dine at other Japanese restaurants after a visit to Mizu!,1,0,0,0,0,0,0
404464:1,I ordered the smoked salmon and roe appetizer and it was off flavor.,0,0,1,0,0,0,0
426805:1,Wonderful strawberry daiquiries as well!,0,0,0,0,1,0,0
426805:2,Definitely worth the trip to Battery Park City!,1,0,0,0,0,0,0
426805:3,One of my favorite places in Manhattan.,1,0,0,0,0,0,0
426930:1,(Besides that there should be more restaurants like it around the city).,1,0,0,0,0,0,0
426930:2,The cold appetizer dishes taste like the way I remember them to taste when I was growing up in Taiwan.,0,0,1,0,0,0,0
430342:1,"Kind, attentive wait staff.",0,1,0,0,0,0,0
430342:3,My friend devoured her chicken and mashed potatos.,0,0,1,0,0,0,0
430342:4,Delicious crab cakes too.,0,0,1,0,0,0,0
430342:6,Great neighborhood joint.,1,0,0,0,0,0,0
433878:1,"Their calzones are horrific, bad, vomit-inducing, YUCK.",0,0,1,0,0,0,0
433878:2,They smell like they stuff them with old canned vegetables like the spinach mushroom calzone.,0,0,1,0,0,0,0
433878:3,The counter service is bad.,0,1,0,0,0,0,0
433878:4,They charge different prices all the time.,0,1,0,0,0,0,0
433878:5,"They're rude at times, and not very friendly.",0,1,0,0,0,0,0
433878:6,NO PIZZA 33 for me!,1,0,0,0,0,0,0
436868:0,"Anybody who likes this place must be from a different planet, where greasy, dry and tasteless are complimentary.",0,0,1,0,0,0,0
444818:0,"Seriously, this place kicks ass.",1,0,0,0,0,0,0
444818:2,"Best Italian food I ever had (and being Italian, that means alot).",0,0,1,0,0,0,0
444818:3,"It is nearly impossible to get a table, so if you ever have the chance to go here for dinner, DO NOT pass it up.",1,0,0,0,0,0,0
445960:0,"This is such a lovely, peaceful place to eat outside.",0,0,0,1,0,0,0
445960:1,The restaurant looks out over beautiful green lawns to the Hudson River and the Statue of Liberty.,0,0,0,0,0,1,0
445960:2,"It is set far from the small street it's on, and there is no traffic noise.",0,0,0,0,0,1,0
445960:4,"This is a great place to take out-of-towners, and perfect for watching the sunset.",0,0,0,0,0,1,0
447697:0,Great sushi experience.,0,0,1,0,0,0,0
447697:1,Nice value.,1,0,0,0,0,0,0
447697:2,Unique apppetizers.,0,0,1,0,0,0,0
447697:3,Try sushimi cucumber roll.,0,0,1,0,0,0,0
449802:1,THE BIG COMPLAINT: NO TOASTING AVAILABLE.,0,1,0,0,0,0,0
449802:3,Murray won't do it.,0,1,0,0,0,0,0
449802:5,But who says Murray's is anything about service.,0,1,0,0,0,0,0
449802:6,"So close, but not good enough.",1,0,0,0,0,0,0
454704:0,Don't be fooled by crowds of people.,1,0,0,0,0,0,0
454704:1,The service is awful.,0,1,0,0,0,0,0
454704:3,"Also, don't plan on asking for your favorite roll, if it's not on the menu, you can't have it.",0,1,0,0,0,0,0
455623:0,Love Pizza 33..,1,0,0,0,0,0,0
455623:1,I will be out with friends and all of a sudden I am hungry and I only crave one thing... their Pizza.,0,0,1,0,0,0,0
455623:3,It hits the spot every time,1,0,0,0,0,0,0
461928:0,This tiny Williamsburg spot is always pleasantly surprising.,1,0,0,0,0,0,0
461928:3,I've been many time and have never been disappointed.,1,0,0,0,0,0,0
464215:1,They even scoop it out nice (for those on a diet) not too much not to little.,0,0,1,0,0,0,0
464342:1,I asked for an open faced cheese sandwich and the manager basically told me to take my business elsewhere!,0,1,0,0,0,0,0
464342:3,the turkey burgers are scary!,0,0,1,0,0,0,0
470488:0,The worst excuse for Japanese food I've ever encountered.,1,0,0,0,0,0,0
470488:1,The soup for the udon was soy sauce and water.,0,0,1,0,0,0,0
470488:2,The sushi was awful!,0,0,1,0,0,0,0
470488:3,The rice was poor quality and was cooked so badly it was hard.,0,0,1,0,0,0,0
470488:5,"The fish was adequate, but inexpertly sliced.",0,0,1,0,0,0,0
470488:6,It is obvious that no one in the restaurant has any idea about or experience with Japanese cuisine.,0,0,1,0,0,0,0
475298:0,"Good, fast service.",0,1,0,0,0,0,0
475298:1,I would highly recommend.,1,0,0,0,0,0,0
475298:3,The location is perfect.,0,0,0,0,0,1,0
475298:4,Give it a try and enjoy.,1,0,0,0,0,0,0
475512:2,"Well, this place is so Ghetto its not even funny.",0,0,0,1,0,0,0
475512:4,Would NEVER go back there.,1,0,0,0,0,0,0
476473:1,Always busy but fast moving.,0,1,0,0,0,0,0
476473:3,Open late (well as late as I ever got there and I'm a night person),1,0,0,0,0,0,0
483111:2,What more can you ask for?,1,0,0,0,0,0,0
485026:0,"For authentic Thai food, look no further than Toons.",0,0,1,0,0,0,0
485767:0,Everything about this restaurant was special.,1,0,0,0,0,0,0
485767:1,"The service was attentive, yet discreet.",0,1,0,0,0,0,0
485767:2,The flavors robust and subtle.,0,0,1,0,0,0,0
485767:3,The brioche and lollies as party favors is a cute and sweet touch to a most memorable meal.,0,0,1,0,0,0,0
485767:4,I'm saving up for my next visit.,1,0,0,0,0,0,0
485966:1,The place was quiet and delightful.,0,0,0,1,0,0,0
485966:4,It is definitely a good spot for snacks and chat.,1,0,0,0,0,0,0
490565:0,"As a retired hipster, I can say with some degree of certainty that for the last year Lucky Strike has been the best laid-back late night in the city.",1,0,0,0,0,0,0
490565:1,"The wait staff is pleasant, fun, and for the most part gorgeous (in the wonderful aesthetic beautification way, not in that she's-way-cuter-than-me-that-b@#$* way).",0,1,0,0,0,0,0
490565:3,"But the best part about LS is the late night atmosphere, delightfully free of the BTs.",0,0,0,1,0,0,0
490565:5,"The in-house lady DJ on Saturday nights has outrageously good taste in music, and moreover, takes requests.",0,0,0,1,0,0,0
490565:6,You can't go wrong with this place.,1,0,0,0,0,0,0
493013:0,Suan is a great place that I often take my friends (classmates) too.,1,0,0,0,0,0,0
493013:2,I LOVE their Thai,0,0,1,0,0,0,0
493013:3,noodles with shrimp and chicken and coconut juice is the MUST!,0,0,1,0,0,0,0
493013:5,I will go back to Suan soon!,1,0,0,0,0,0,0
493013:6,In summer-eat outside on a terrace (another great feature of Suan)!!!,0,0,0,1,0,0,0
493514:0,I cannot imagine a friendlier staff working in a restaurant.,0,1,0,0,0,0,0
493514:1,I cannot imagine better Indian food in all of the city.,0,0,1,0,0,0,0
493514:2,I cannot imagine you not rushing out to eat there.,1,0,0,0,0,0,0
494850:2,I wish they would change back to what it was before.,1,0,0,0,0,0,0
494850:3,The food now is inconsistent.,0,0,1,0,0,0,0
496132:0,This is the kind of place you'd like to take all your friends to and still keep a secret.,1,0,0,0,0,0,0
496132:1,The setting is casual and romantic.,0,0,0,1,0,0,0
496132:2,Prices are very good.,1,0,0,0,0,0,0
496132:3,The food is excellent! ,0,0,1,0,0,0,0
496132:4,"if you're daring, try the balsamic vinegar over icecream, it's wonderful!",0,0,1,0,0,0,0
498657:0,"Do not get the Go Go Hamburgers, no matter what the reviews say.",0,0,1,0,0,0,0
498657:3,Steamed fresh so brought hot hot hot to your table.,0,0,1,0,0,0,0
503807:1,I was pleasantly suprised.,1,0,0,0,0,0,0
503807:2,The food was exceptional.,0,0,1,0,0,0,0
503807:4,"I choose to go with one of the special, the braised lamb shank in red wine, which was excellent.",0,0,1,0,0,0,0
507755:0,"Have eaten at Ginger House several times, and it's always good.",1,0,0,0,0,0,0
507755:1,The fried dumplings are GREAT!,0,0,1,0,0,0,0
507755:2,Finally a reliable Chinese restaurant!,1,0,0,0,0,0,0
507844:0,This place would be so much better served by being run by a group that actually understands customer service.,0,1,0,0,0,0,0
507844:2,"They are not helpful in the least and will give you the grand run around so by the time the event date rolls around you will not only regret chosing this place, but also become hostile!",0,1,0,0,0,0,0
507844:3,"Nobody at this restaurant will give firm answers about anything and in the end, not one person takes responsibility for anything.",0,1,0,0,0,0,0
507937:0,Never fails to please.,1,0,0,0,0,0,0
507937:1,"delicious bagels, especially when right out of the oven.",0,0,1,0,0,0,0
507937:3,Service is fast and friendly.,0,1,0,0,0,0,0
507937:4,"Only drawback - they won't toast your bagel, and they don't make eggs for the bagel.",0,1,0,0,0,0,0
507937:5,But that is highly forgivable.,1,0,0,0,0,0,0
509227:2,"If celebrities make you sweat, then your in for a ride, but if your like most around these parts then you'll just yawn and wonder whats with all the hype.",1,0,0,0,0,0,0
509227:3,"Rao is a good restaurant, but it's nothing special.",1,0,0,0,0,0,0
511290:1,"But after last night, Spice Grill is the only place I'm eating indian cuisine.",0,0,1,0,0,0,0
511290:2,You must try the shrimp appetizers.,0,0,1,0,0,0,0
511290:3,Even my Indian friend couldn't believe how good and tasty everything was.,0,0,1,0,0,0,0
512925:0,it's a perfect place to have a amanzing indian food.,0,0,1,0,0,0,0
512925:1,I really loved the different and inovated touch that's the cheff gives to the food.,0,0,1,0,0,0,0