sentence_id	sentence	category	polarity	category_polarity	entailed
813	All the appetizers and salads were fabulous, the steak was mouth watering and the pasta was delicious!!!	food	positive	food positive	no
813	All the appetizers and salads were fabulous, the steak was mouth watering and the pasta was delicious!!!	food	negative	food negative	no
813	All the appetizers and salads were fabulous, the steak was mouth watering and the pasta was delicious!!!	food	neutral	food neutral	no
1579	And really large portions.	food	positive	food positive	no
1579	And really large portions.	food	negative	food negative	no
1579	And really large portions.	food	neutral	food neutral	no
2707	Go inside and you won't want to leave.	experience	positive	experience positive	no
2707	Go inside and you won't want to leave.	experience	negative	experience negative	no
2707	Go inside and you won't want to leave.	experience	neutral	experience neutral	no
3126	Save yourself the time and trouble and skip this one!	experience	positive	experience positive	no
3126	Save yourself the time and trouble and skip this one!	experience	negative	experience negative	no
3126	Save yourself the time and trouble and skip this one!	experience	neutral	experience neutral	no
2882	The sweet lassi was excellent as was the lamb chettinad and the garlic naan but the rasamalai was forgettable.	food	positive	food positive	no
2882	The sweet lassi was excellent as was the lamb chettinad and the garlic naan but the rasamalai was forgettable.	food	negative	food negative	no
2882	The sweet lassi was excellent as was the lamb chettinad and the garlic naan but the rasamalai was forgettable.	food	neutral	food neutral	no
1609	Service was quick.	service	positive	service positive	no
1609	Service was quick.	service	negative	service negative	no
1609	Service was quick.	service	neutral	service neutral	no
3018	Oh, don't even let me start with how expensive the bills were!	price	positive	price positive	no
3018	Oh, don't even let me start with how expensive the bills were!	price	negative	price negative	no
3018	Oh, don't even let me start with how expensive the bills were!	price	neutral	price neutral	no
3292	Service is top notch.	service	positive	service positive	no
3292	Service is top notch.	service	negative	service negative	no
3292	Service is top notch.	service	neutral	service neutral	no
2041	The best thing I tasted were the lambc hops.	food	positive	food positive	no
2041	The best thing I tasted were the lambc hops.	food	negative	food negative	no
2041	The best thing I tasted were the lambc hops.	food	neutral	food neutral	no
2609	Overall I would recommend it and go back again.	experience	positive	experience positive	no
2609	Overall I would recommend it and go back again.	experience	negative	experience negative	no
2609	Overall I would recommend it and go back again.	experience	neutral	experience neutral	no
1194	I've been here a couple of times and have not been impressed.	experience	positive	experience positive	no
1194	I've been here a couple of times and have not been impressed.	experience	negative	experience negative	no
1194	I've been here a couple of times and have not been impressed.	experience	neutral	experience neutral	no
3440	Even though its good seafood, the prices are too high.	food	positive	food positive	no
3440	Even though its good seafood, the prices are too high.	food	negative	food negative	no
3440	Even though its good seafood, the prices are too high.	food	neutral	food neutral	no
3440	Even though its good seafood, the prices are too high.	price	positive	price positive	no
3440	Even though its good seafood, the prices are too high.	price	negative	price negative	no
3440	Even though its good seafood, the prices are too high.	price	neutral	price neutral	no
870	In addition, the food is very good and the prices are reasonable.	food	positive	food positive	no
870	In addition, the food is very good and the prices are reasonable.	food	negative	food negative	no
870	In addition, the food is very good and the prices are reasonable.	food	neutral	food neutral	no
870	In addition, the food is very good and the prices are reasonable.	price	positive	price positive	no
870	In addition, the food is very good and the prices are reasonable.	price	negative	price negative	no
870	In addition, the food is very good and the prices are reasonable.	price	neutral	price neutral	no
2507	The food is great and authentic.	food	positive	food positive	no
2507	The food is great and authentic.	food	negative	food negative	no
2507	The food is great and authentic.	food	neutral	food neutral	no
586	I was at Rao's last Wed.	experience	positive	experience positive	no
586	I was at Rao's last Wed.	experience	negative	experience negative	no
586	I was at Rao's last Wed.	experience	neutral	experience neutral	no
3081	I recommend the garlic shrimp, okra (bindi), and anything with lamb.	food	positive	food positive	no
3081	I recommend the garlic shrimp, okra (bindi), and anything with lamb.	food	negative	food negative	no
3081	I recommend the garlic shrimp, okra (bindi), and anything with lamb.	food	neutral	food neutral	no
1884	The menu was impressive with selections ranging from a burger, to steak, to escargot.	food	positive	food positive	no
1884	The menu was impressive with selections ranging from a burger, to steak, to escargot.	food	negative	food negative	no
1884	The menu was impressive with selections ranging from a burger, to steak, to escargot.	food	neutral	food neutral	no
2077	very good breads as well.	food	positive	food positive	no
2077	very good breads as well.	food	negative	food negative	no
2077	very good breads as well.	food	neutral	food neutral	no
201	Anyway, the food is good, the price is right and they have a decent wine list.	food	positive	food positive	no
201	Anyway, the food is good, the price is right and they have a decent wine list.	food	negative	food negative	no
201	Anyway, the food is good, the price is right and they have a decent wine list.	food	neutral	food neutral	no
201	Anyway, the food is good, the price is right and they have a decent wine list.	price	positive	price positive	no
201	Anyway, the food is good, the price is right and they have a decent wine list.	price	negative	price negative	no
201	Anyway, the food is good, the price is right and they have a decent wine list.	price	neutral	price neutral	no
3049	The food was lousy -too sweet or too salty and the portions tiny.	food	positive	food positive	no
3049	The food was lousy -too sweet or too salty and the portions tiny.	food	negative	food negative	no
3049	The food was lousy -too sweet or too salty and the portions tiny.	food	neutral	food neutral	no
1242	But the coconut rice was good.	food	positive	food positive	no
1242	But the coconut rice was good.	food	negative	food negative	no
1242	But the coconut rice was good.	food	neutral	food neutral	no
2211	And the Tom Kha soup was pathetic.	food	positive	food positive	no
2211	And the Tom Kha soup was pathetic.	food	negative	food negative	no
2211	And the Tom Kha soup was pathetic.	food	neutral	food neutral	no
3343	The food now is inconsistent.	food	positive	food positive	no
3343	The food now is inconsistent.	food	negative	food negative	no
3343	The food now is inconsistent.	food	neutral	food neutral	no
2141	Try the crunchy tuna, it is to die for.	food	positive	food positive	no
2141	Try the crunchy tuna, it is to die for.	food	negative	food negative	no
2141	Try the crunchy tuna, it is to die for.	food	neutral	food neutral	no
83	Reasonable prices.	price	positive	price positive	no
83	Reasonable prices.	price	negative	price negative	no
83	Reasonable prices.	price	neutral	price neutral	no
381	Everything at Sala Thai is tasty and well-portioned.	food	positive	food positive	no
381	Everything at Sala Thai is tasty and well-portioned.	food	negative	food negative	no
381	Everything at Sala Thai is tasty and well-portioned.	food	neutral	food neutral	no
3315	Add to that great service and great food at a reasonable price and you have yourself the beginning of a great evening.	food	positive	food positive	no
3315	Add to that great service and great food at a reasonable price and you have yourself the beginning of a great evening.	food	negative	food negative	no
3315	Add to that great service and great food at a reasonable price and you have yourself the beginning of a great evening.	food	neutral	food neutral	no
3315	Add to that great service and great food at a reasonable price and you have yourself the beginning of a great evening.	service	positive	service positive	no
3315	Add to that great service and great food at a reasonable price and you have yourself the beginning of a great evening.	service	negative	service negative	no
3315	Add to that great service and great food at a reasonable price and you have yourself the beginning of a great evening.	service	neutral	service neutral	no
3315	Add to that great service and great food at a reasonable price and you have yourself the beginning of a great evening.	price	positive	price positive	no
3315	Add to that great service and great food at a reasonable price and you have yourself the beginning of a great evening.	price	negative	price negative	no
3315	Add to that great service and great food at a reasonable price and you have yourself the beginning of a great evening.	price	neutral	price neutral	no
1709	Unfortunately, the food was NOT something to get worked up about.	food	positive	food positive	no
1709	Unfortunately, the food was NOT something to get worked up about.	food	negative	food negative	no
1709	Unfortunately, the food was NOT something to get worked up about.	food	neutral	food neutral	no
193	The food is great and reasonably priced.	food	positive	food positive	no
193	The food is great and reasonably priced.	food	negative	food negative	no
193	The food is great and reasonably priced.	food	neutral	food neutral	no
193	The food is great and reasonably priced.	price	positive	price positive	no
193	The food is great and reasonably priced.	price	negative	price negative	no
193	The food is great and reasonably priced.	price	neutral	price neutral	no
2459	I got enough reasons to keep coming back!!!	experience	positive	experience positive	no
2459	I got enough reasons to keep coming back!!!	experience	negative	experience negative	no
2459	I got enough reasons to keep coming back!!!	experience	neutral	experience neutral	no
1293	Their calzones are horrific, bad, vomit-inducing, YUCK.	food	positive	food positive	no
1293	Their calzones are horrific, bad, vomit-inducing, YUCK.	food	negative	food negative	no
1293	Their calzones are horrific, bad, vomit-inducing, YUCK.	food	neutral	food neutral	no
2105	A few tips: skip the turnip cake, roast pork buns and egg custards.	food	positive	food positive	no
2105	A few tips: skip the turnip cake, roast pork buns and egg custards.	food	negative	food negative	no
2105	A few tips: skip the turnip cake, roast pork buns and egg custards.	food	neutral	food neutral	no
2152	The bagels are fabulous.	food	positive	food positive	no
2152	The bagels are fabulous.	food	negative	food negative	no
2152	The bagels are fabulous.	food	neutral	food neutral	no
3358	I never had anything I didn't like here.	experience	positive	experience positive	no
3358	I never had anything I didn't like here.	experience	negative	experience negative	no
3358	I never had anything I didn't like here.	experience	neutral	experience neutral	no
2751	I definitely wouldn't go back.	experience	positive	experience positive	no
2751	I definitely wouldn't go back.	experience	negative	experience negative	no
2751	I definitely wouldn't go back.	experience	neutral	experience neutral	no
882	While the ambiance and atmosphere were great, the food and service could have been a lot better.	food	positive	food positive	no
882	While the ambiance and atmosphere were great, the food and service could have been a lot better.	food	negative	food negative	no
882	While the ambiance and atmosphere were great, the food and service could have been a lot better.	food	neutral	food neutral	no
882	While the ambiance and atmosphere were great, the food and service could have been a lot better.	service	positive	service positive	no
882	While the ambiance and atmosphere were great, the food and service could have been a lot better.	service	negative	service negative	no
882	While the ambiance and atmosphere were great, the food and service could have been a lot better.	service	neutral	service neutral	no
882	While the ambiance and atmosphere were great, the food and service could have been a lot better.	atmosphere	positive	atmosphere positive	no
882	While the ambiance and atmosphere were great, the food and service could have been a lot better.	atmosphere	negative	atmosphere negative	no
882	While the ambiance and atmosphere were great, the food and service could have been a lot better.	atmosphere	neutral	atmosphere neutral	no
1124	Our waitress was sweet and accomodating, not overbearing.	service	positive	service positive	no
1124	Our waitress was sweet and accomodating, not overbearing.	service	negative	service negative	no
1124	Our waitress was sweet and accomodating, not overbearing.	service	neutral	service neutral	no
3546	I have tried literally every restaurant on curry row.	experience	positive	experience positive	no
3546	I have tried literally every restaurant on curry row.	experience	negative	experience negative	no
3546	I have tried literally every restaurant on curry row.	experience	neutral	experience neutral	no
3020	My goodness, everything from the fish to the rice to the seaweed was absolutely amazing.	food	positive	food positive	no
3020	My goodness, everything from the fish to the rice to the seaweed was absolutely amazing.	food	negative	food negative	no
3020	My goodness, everything from the fish to the rice to the seaweed was absolutely amazing.	food	neutral	food neutral	no
746	I went to this restaurant with a woman that I met recently.	experience	positive	experience positive	no
746	I went to this restaurant with a woman that I met recently.	experience	negative	experience negative	no
746	I went to this restaurant with a woman that I met recently.	experience	neutral	experience neutral	no
3170	Good spreads, great beverage selections and bagels really tasty.	food	positive	food positive	no
3170	Good spreads, great beverage selections and bagels really tasty.	food	negative	food negative	no
3170	Good spreads, great beverage selections and bagels really tasty.	food	neutral	food neutral	no
2171	The food options rule.	food	positive	food positive	no
2171	The food options rule.	food	negative	food negative	no
2171	The food options rule.	food	neutral	food neutral	no
2811	Consistently good Japanese Tapas.	food	positive	food positive	no
2811	Consistently good Japanese Tapas.	food	negative	food negative	no
2811	Consistently good Japanese Tapas.	food	neutral	food neutral	no
762	I went to Ruby Foo's after work with a group of 6.	experience	positive	experience positive	no
762	I went to Ruby Foo's after work with a group of 6.	experience	negative	experience negative	no
762	I went to Ruby Foo's after work with a group of 6.	experience	neutral	experience neutral	no
339	The sushi was awful!	food	positive	food positive	no
339	The sushi was awful!	food	negative	food negative	no
339	The sushi was awful!	food	neutral	food neutral	no
217	My boyfriend and I went there to celebrate my birthday the other night and all I can say is that it was magnificent.	experience	positive	experience positive	no
217	My boyfriend and I went there to celebrate my birthday the other night and all I can say is that it was magnificent.	experience	negative	experience negative	no
217	My boyfriend and I went there to celebrate my birthday the other night and all I can say is that it was magnificent.	experience	neutral	experience neutral	no
3478	Now it's so crowded and loud you can't even talk to the person next to you.	atmosphere	positive	atmosphere positive	no
3478	Now it's so crowded and loud you can't even talk to the person next to you.	atmosphere	negative	atmosphere negative	no
3478	Now it's so crowded and loud you can't even talk to the person next to you.	atmosphere	neutral	atmosphere neutral	no
1180	Go, go, hurry, before everyone finds out about it.	experience	positive	experience positive	no
1180	Go, go, hurry, before everyone finds out about it.	experience	negative	experience negative	no
1180	Go, go, hurry, before everyone finds out about it.	experience	neutral	experience neutral	no
3372	I've been many time and have never been disappointed.	experience	positive	experience positive	no
3372	I've been many time and have never been disappointed.	experience	negative	experience negative	no
3372	I've been many time and have never been disappointed.	experience	neutral	experience neutral	no
776	The food was great.	food	positive	food positive	no
776	The food was great.	food	negative	food negative	no
776	The food was great.	food	neutral	food neutral	no
3208	Don't leave without trying One Night in Tokyo.	experience	positive	experience positive	no
3208	Don't leave without trying One Night in Tokyo.	experience	negative	experience negative	no
3208	Don't leave without trying One Night in Tokyo.	experience	neutral	experience neutral	no
2673	I would go back tho.	experience	positive	experience positive	no
2673	I would go back tho.	experience	negative	experience negative	no
2673	I would go back tho.	experience	neutral	experience neutral	no
1380	Definately check it out!!!	experience	positive	experience positive	no
1380	Definately check it out!!!	experience	negative	experience negative	no
1380	Definately check it out!!!	experience	neutral	experience neutral	no
3641	You cannot go wrong with this place.	experience	positive	experience positive	no
3641	You cannot go wrong with this place.	experience	negative	experience negative	no
3641	You cannot go wrong with this place.	experience	neutral	experience neutral	no
2806	As a Japanese native, I've lived in the Tristate area for over 8 years, but I was just so amazed at this place.	experience	positive	experience positive	no
2806	As a Japanese native, I've lived in the Tristate area for over 8 years, but I was just so amazed at this place.	experience	negative	experience negative	no
2806	As a Japanese native, I've lived in the Tristate area for over 8 years, but I was just so amazed at this place.	experience	neutral	experience neutral	no
2630	I loving bringing friends here -and I do so every chance I get.	experience	positive	experience positive	no
2630	I loving bringing friends here -and I do so every chance I get.	experience	negative	experience negative	no
2630	I loving bringing friends here -and I do so every chance I get.	experience	neutral	experience neutral	no
924	With the theater 2 blocks away we had a delicious meal in a beautiful room.	food	positive	food positive	no
924	With the theater 2 blocks away we had a delicious meal in a beautiful room.	food	negative	food negative	no
924	With the theater 2 blocks away we had a delicious meal in a beautiful room.	food	neutral	food neutral	no
3411	Even my Indian friend couldn't believe how good and tasty everything was.	food	positive	food positive	no
3411	Even my Indian friend couldn't believe how good and tasty everything was.	food	negative	food negative	no
3411	Even my Indian friend couldn't believe how good and tasty everything was.	food	neutral	food neutral	no
2164	We were not dissappointed in the least bit by this little gem.	experience	positive	experience positive	no
2164	We were not dissappointed in the least bit by this little gem.	experience	negative	experience negative	no
2164	We were not dissappointed in the least bit by this little gem.	experience	neutral	experience neutral	no
3077	A pleasant surprise.	experience	positive	experience positive	no
3077	A pleasant surprise.	experience	negative	experience negative	no
3077	A pleasant surprise.	experience	neutral	experience neutral	no
745	This was a repeat visit and we'll definitely be back again.	experience	positive	experience positive	no
745	This was a repeat visit and we'll definitely be back again.	experience	negative	experience negative	no
745	This was a repeat visit and we'll definitely be back again.	experience	neutral	experience neutral	no
1273	I love the fact that the pizza tastes so good and is so cheap.	food	positive	food positive	no
1273	I love the fact that the pizza tastes so good and is so cheap.	food	negative	food negative	no
1273	I love the fact that the pizza tastes so good and is so cheap.	food	neutral	food neutral	no
1273	I love the fact that the pizza tastes so good and is so cheap.	price	positive	price positive	no
1273	I love the fact that the pizza tastes so good and is so cheap.	price	negative	price negative	no
1273	I love the fact that the pizza tastes so good and is so cheap.	price	neutral	price neutral	no
179	Service was prompt, friendly and great.	service	positive	service positive	no
179	Service was prompt, friendly and great.	service	negative	service negative	no
179	Service was prompt, friendly and great.	service	neutral	service neutral	no
2460	OU MUST TRY THIS RESTAURANT.	experience	positive	experience positive	no
2460	OU MUST TRY THIS RESTAURANT.	experience	negative	experience negative	no
2460	OU MUST TRY THIS RESTAURANT.	experience	neutral	experience neutral	no
3045	All pretty good.	food	positive	food positive	no
3045	All pretty good.	food	negative	food negative	no
3045	All pretty good.	food	neutral	food neutral	no
3045	All pretty good.	experience	positive	experience positive	no
3045	All pretty good.	experience	negative	experience negative	no
3045	All pretty good.	experience	neutral	experience neutral	no
1698	Have eaten at Ginger House several times, and it's always good.	experience	positive	experience positive	no
1698	Have eaten at Ginger House several times, and it's always good.	experience	negative	experience negative	no
1698	Have eaten at Ginger House several times, and it's always good.	experience	neutral	experience neutral	no
109	I haven't eat a lamb chop as delicious as that, the salads are really nice dressed with lemon and extra virgnin olive oil.	food	positive	food positive	no
109	I haven't eat a lamb chop as delicious as that, the salads are really nice dressed with lemon and extra virgnin olive oil.	food	negative	food negative	no
109	I haven't eat a lamb chop as delicious as that, the salads are really nice dressed with lemon and extra virgnin olive oil.	food	neutral	food neutral	no
1057	Drawbacks: service is slow and they don't toast!	service	positive	service positive	no
1057	Drawbacks: service is slow and they don't toast!	service	negative	service negative	no
1057	Drawbacks: service is slow and they don't toast!	service	neutral	service neutral	no
2186	It is by far my favorite restaurant in Brooklyn.	experience	positive	experience positive	no
2186	It is by far my favorite restaurant in Brooklyn.	experience	negative	experience negative	no
2186	It is by far my favorite restaurant in Brooklyn.	experience	neutral	experience neutral	no
3471	I've been to Joya twice and I will never go again.	experience	positive	experience positive	no
3471	I've been to Joya twice and I will never go again.	experience	negative	experience negative	no
3471	I've been to Joya twice and I will never go again.	experience	neutral	experience neutral	no
1401	A hearty two thumbs up!	experience	positive	experience positive	no
1401	A hearty two thumbs up!	experience	negative	experience negative	no
1401	A hearty two thumbs up!	experience	neutral	experience neutral	no
1112	Great find!!!	experience	positive	experience positive	no
1112	Great find!!!	experience	negative	experience negative	no
1112	Great find!!!	experience	neutral	experience neutral	no
3495	Was surprisingly disappointed.	experience	positive	experience positive	no
3495	Was surprisingly disappointed.	experience	negative	experience negative	no
3495	Was surprisingly disappointed.	experience	neutral	experience neutral	no
2451	The prices were fantastic.	food	positive	food positive	no
2451	The prices were fantastic.	food	negative	food negative	no
2451	The prices were fantastic.	food	neutral	food neutral	no
2451	The prices were fantastic.	price	positive	price positive	no
2451	The prices were fantastic.	price	negative	price negative	no
2451	The prices were fantastic.	price	neutral	price neutral	no
948	I'm told that it is open 24hrs which is good.	experience	positive	experience positive	no
948	I'm told that it is open 24hrs which is good.	experience	negative	experience negative	no
948	I'm told that it is open 24hrs which is good.	experience	neutral	experience neutral	no
2202	What more could you want?	experience	positive	experience positive	no
2202	What more could you want?	experience	negative	experience negative	no
2202	What more could you want?	experience	neutral	experience neutral	no
2740	Excellent experience.	experience	positive	experience positive	no
2740	Excellent experience.	experience	negative	experience negative	no
2740	Excellent experience.	experience	neutral	experience neutral	no
537	Definitely a neighborhood favorite.	experience	positive	experience positive	no
537	Definitely a neighborhood favorite.	experience	negative	experience negative	no
537	Definitely a neighborhood favorite.	experience	neutral	experience neutral	no
1548	The food is terrible and overall, I would have to say avoid at all costs.	food	positive	food positive	no
1548	The food is terrible and overall, I would have to say avoid at all costs.	food	negative	food negative	no
1548	The food is terrible and overall, I would have to say avoid at all costs.	food	neutral	food neutral	no
134	The food is prepared quickly and efficiently.	food	positive	food positive	no
134	The food is prepared quickly and efficiently.	food	negative	food negative	no
134	The food is prepared quickly and efficiently.	food	neutral	food neutral	no
2708	The food is fresh, delicious, and reasonably priced.	food	positive	food positive	no
2708	The food is fresh, delicious, and reasonably priced.	food	negative	food negative	no
2708	The food is fresh, delicious, and reasonably priced.	food	neutral	food neutral	no
2708	The food is fresh, delicious, and reasonably priced.	price	positive	price positive	no
2708	The food is fresh, delicious, and reasonably priced.	price	negative	price negative	no
2708	The food is fresh, delicious, and reasonably priced.	price	neutral	price neutral	no
1455	This is my favorite Italian restaurant in all of New York City.	experience	positive	experience positive	no
1455	This is my favorite Italian restaurant in all of New York City.	experience	negative	experience negative	no
1455	This is my favorite Italian restaurant in all of New York City.	experience	neutral	experience neutral	no
2591	Anyway, this is the last time I cross the williamsburg.	experience	positive	experience positive	no
2591	Anyway, this is the last time I cross the williamsburg.	experience	negative	experience negative	no
2591	Anyway, this is the last time I cross the williamsburg.	experience	neutral	experience neutral	no
1593	I am bringing my whole family back next time.	experience	positive	experience positive	no
1593	I am bringing my whole family back next time.	experience	negative	experience negative	no
1593	I am bringing my whole family back next time.	experience	neutral	experience neutral	no
1769	Love YUKA.	experience	positive	experience positive	no
1769	Love YUKA.	experience	negative	experience negative	no
1769	Love YUKA.	experience	neutral	experience neutral	no
3575	As we were leaving, the couple standing by the door said to another waiter, we're not in a hurry.	service	positive	service positive	no
3575	As we were leaving, the couple standing by the door said to another waiter, we're not in a hurry.	service	negative	service negative	no
3575	As we were leaving, the couple standing by the door said to another waiter, we're not in a hurry.	service	neutral	service neutral	no
1105	I have been coming to this neighborhood spot for years.	experience	positive	experience positive	no
1105	I have been coming to this neighborhood spot for years.	experience	negative	experience negative	no
1105	I have been coming to this neighborhood spot for years.	experience	neutral	experience neutral	no
2575	We will be back.	experience	positive	experience positive	no
2575	We will be back.	experience	negative	experience negative	no
2575	We will be back.	experience	neutral	experience neutral	no
742	The outdoor atmosphere of sitting on the sidewalk watching the world go by 50 feet away on 6th avenue on a cool evening was wonderful.	atmosphere	positive	atmosphere positive	no
742	The outdoor atmosphere of sitting on the sidewalk watching the world go by 50 feet away on 6th avenue on a cool evening was wonderful.	atmosphere	negative	atmosphere negative	no
742	The outdoor atmosphere of sitting on the sidewalk watching the world go by 50 feet away on 6th avenue on a cool evening was wonderful.	atmosphere	neutral	atmosphere neutral	no
1471	A large is $20, and toppings are about $3 each.	food	positive	food positive	no
1471	A large is $20, and toppings are about $3 each.	food	negative	food negative	no
1471	A large is $20, and toppings are about $3 each.	food	neutral	food neutral	no
1471	A large is $20, and toppings are about $3 each.	price	positive	price positive	no
1471	A large is $20, and toppings are about $3 each.	price	negative	price negative	no
1471	A large is $20, and toppings are about $3 each.	price	neutral	price neutral	no
1656	The spicy tuna and salmon are the best we've ever had.	food	positive	food positive	no
1656	The spicy tuna and salmon are the best we've ever had.	food	negative	food negative	no
1656	The spicy tuna and salmon are the best we've ever had.	food	neutral	food neutral	no
2769	A guaranteeed delight!	food	positive	food positive	no
2769	A guaranteeed delight!	food	negative	food negative	no
2769	A guaranteeed delight!	food	neutral	food neutral	no
3681	The food was very good, a great deal, and the place its self was great.	food	positive	food positive	no
3681	The food was very good, a great deal, and the place its self was great.	food	negative	food negative	no
3681	The food was very good, a great deal, and the place its self was great.	food	neutral	food neutral	no
3681	The food was very good, a great deal, and the place its self was great.	price	positive	price positive	no
3681	The food was very good, a great deal, and the place its self was great.	price	negative	price negative	no
3681	The food was very good, a great deal, and the place its self was great.	price	neutral	price neutral	no
2205	The food is usually good but it certainly isn't a relaxing place to go.	food	positive	food positive	no
2205	The food is usually good but it certainly isn't a relaxing place to go.	food	negative	food negative	no
2205	The food is usually good but it certainly isn't a relaxing place to go.	food	neutral	food neutral	no
2205	The food is usually good but it certainly isn't a relaxing place to go.	atmosphere	positive	atmosphere positive	no
2205	The food is usually good but it certainly isn't a relaxing place to go.	atmosphere	negative	atmosphere negative	no
2205	The food is usually good but it certainly isn't a relaxing place to go.	atmosphere	neutral	atmosphere neutral	no
1159	After dinner, take your date to the HUGE dance floor, probably one of the biggest you'll see in NY.	atmosphere	positive	atmosphere positive	no
1159	After dinner, take your date to the HUGE dance floor, probably one of the biggest you'll see in NY.	atmosphere	negative	atmosphere negative	no
1159	After dinner, take your date to the HUGE dance floor, probably one of the biggest you'll see in NY.	atmosphere	neutral	atmosphere neutral	no
628	The server was really cool and served us our food and drinks with a smile.	food	positive	food positive	no
628	The server was really cool and served us our food and drinks with a smile.	food	negative	food negative	no
628	The server was really cool and served us our food and drinks with a smile.	food	neutral	food neutral	no
628	The server was really cool and served us our food and drinks with a smile.	service	positive	service positive	no
628	The server was really cool and served us our food and drinks with a smile.	service	negative	service negative	no
628	The server was really cool and served us our food and drinks with a smile.	service	neutral	service neutral	no
2912	The dishes offered were unique, very tasty and fresh from the lamb sausages, sardines with biscuits, large whole shrimp to the amazing pistachio ice cream (the best and freshest I've ever had).	food	positive	food positive	no
2912	The dishes offered were unique, very tasty and fresh from the lamb sausages, sardines with biscuits, large whole shrimp to the amazing pistachio ice cream (the best and freshest I've ever had).	food	negative	food negative	no
2912	The dishes offered were unique, very tasty and fresh from the lamb sausages, sardines with biscuits, large whole shrimp to the amazing pistachio ice cream (the best and freshest I've ever had).	food	neutral	food neutral	no
3188	Went there for an office lunch.	experience	positive	experience positive	no
3188	Went there for an office lunch.	experience	negative	experience negative	no
3188	Went there for an office lunch.	experience	neutral	experience neutral	no
3041	We've only eaten in the restaurant once, but we have ordered many times for dinner.	experience	positive	experience positive	no
3041	We've only eaten in the restaurant once, but we have ordered many times for dinner.	experience	negative	experience negative	no
3041	We've only eaten in the restaurant once, but we have ordered many times for dinner.	experience	neutral	experience neutral	no
