ID,text,food,experience,service,atmosphere,price
3121,But the staff was so horrible to us.,0,0,1,0,0
2777,"To be completely fair, the only redeeming factor was the food, which was above average, but couldn't make up for all the other deficiencies of Teodora.",1,1,0,0,0
3161,"The Bagels have an outstanding taste with a terrific texture, both chewy yet not gummy.",1,0,0,0,0
2391,Nevertheless the food itself is pretty good.,1,0,0,0,0
986,"i've noticed megadeth, mr. scruff, st. germain, traditional vietnamese songs, black sabbath, jay-z, and daft punk all being played.",0,0,0,1,0
3195,He has visited Thailand and is quite expert on the cuisine.,1,0,0,0,0
1407,The seats are uncomfortable if you are sitting against the wall on wooden benches.,0,0,0,1,0
565,"I asked for seltzer with lime, no ice.",1,0,0,0,0
2191,Faan's got a great concept but a little rough on the delivery.,0,1,1,0,0
3373,Two words: Free wine.,0,0,0,0,1
3192,"The quantity is also very good, you will come out satisfied.",1,0,0,0,0
2384,The fried rice is amazing here.,1,0,0,0,0
3404,it's a perfect place to have a amanzing indian food.,1,0,0,0,0
673,At the end you're left with a mild broth with noodles that you can slurp out of a cup.,1,0,0,0,0
863,The food was delicious but do not come here on a empty stomach.,1,0,0,0,0
1623,The wine list is excellent.,1,0,0,0,0
430,"Ive been to many Thai restaurants in Manhattan before, and Toons is by far the best Thai food Ive had (except for my mom's of course).",1,0,0,0,0
1101,They wouldnt even let me finish my glass of wine before offering another.,0,0,1,0,0
324,"Whem asked, we had to ask more detailed questions so that we knew what the specials were.",0,0,1,0,0
2787,Try the lasagnette appetizer.,1,0,0,0,0
604,I liked the beer selection!,1,0,0,0,0
1074,I grew up eating Dosa and have yet to find a place in NY to satisfy my taste buds.,0,1,0,0,0
728,"With the great variety on the menu , I eat here often and never get bored .",1,0,0,0,0
3273,Not too crazy about their sake martini.,1,0,0,0,0
183,"The service varys from day to day- sometimes they're very nice, and sometimes not.",0,0,1,0,0
282,One thing I liked about this place is that I never felt rushed or pressured to give up my table ot incoming guests.,0,0,1,0,0
3249,"Unfortunately, the food is outstanding, but everything else about this restaurant is the pits.",1,1,0,0,0
3207,We always have a delicious meal and always leave feeling satisfied.,1,0,0,0,0
2972,First went here to enjoy their garden terrace.,0,0,0,1,0
1755,The pizza was pretty good and huge.,1,0,0,0,0
2277,"The cuisine from what I've gathered is authentic Taiwanese, though its very different from what I've been accustomed to in Taipei.",1,0,0,0,0
3680,I almost hesititate to write a review because the atmosphere was so great and I would hate for it too become to crowded.,0,0,0,1,0
1688,All my co-workers were amazed at how small the dish was.,1,0,0,0,0
2926,"We ordered the special, grilled branzino, that was so infused with bone, it was difficult to eat.",1,0,0,0,0
2960,Le Pere Pinard has a $15 pre-theater menu that is outstanding.,1,0,0,0,0
2936,The strong scents coming from the left and right of me negatively affected my taste buds.,0,1,0,0,0
3423,We had the lobster sandwich and it was FANTASTIC.,1,0,0,0,0
1197,"Had we been stalling I could understand where they were coming from, but we had been there less than an hour and they hadn't even brought us a check yet!",0,0,1,0,0
2804,Deep Fried Skewers are good and still rare to find in NYC.,1,0,0,0,0
2747,Their tuna tartar appetizer is to die for.,1,0,0,0,0
1402,I love Indian food and consider myself to be quite an expert on it.,1,0,0,0,0
439,Some baby pizzas get their wish.,1,0,0,0,0
2053,Overall A oh ya even though there is waiting it is deff worth it,0,1,1,0,0
3316,The lava cake dessert was incredible and I recommend it.,1,0,0,0,0
433,VT is what baby pizzas hope to be when they grow up.,0,1,0,0,0
1798,The last time I went we were seated at a table in a corridor next to the kitchen.,0,1,0,0,0
2941,good selection of wines ranging from affordable to high end.,1,0,0,0,1
362,"Nice restaurant overall, with classic upscale Italian decor.",0,0,0,1,0
2921,Not impressed with the food.,1,0,0,0,0
1909,The entire dining experience was wonderful!,0,1,0,0,0
3376,"Order the panang duck, it's fantastic.",1,0,0,0,0
1836,"Other than the crappy service from two individuals, it's great.",0,0,1,0,0
1819,Ambiance- relaxed and stylish.,0,0,0,1,0
926,I look forward to eating here again,0,1,0,0,0
2385,I've been coming here as a child and always come back for the taste.,1,0,0,0,0
1599,The pizza here is delicious.,1,0,0,0,0
759,"For great chinese food nearby, you have Wu Liang Ye and Grand Sichuan just a block away.",1,0,0,0,0
3175,But who says Murray's is anything about service.,0,0,1,0,0
2209,"This place is really trendi but they have forgotten about the most important part of a  restaurant, the food.",1,1,0,0,0
1352,Hats off to the chef.,1,0,0,0,0
3130,The food was bland oily.,1,0,0,0,0
2988,"Last time I went here, the waitress didn't come back after taking our order.",0,0,1,0,0
3092,Try the tandoori salmon!,1,0,0,0,0
3686,"Eating in, the atmosphere saves it, but at your desk, it's a very disappointing experience.",0,1,0,1,0
2454,I love the atmorphere @ peep!,0,0,0,1,0
678,The other night we had the $30 three course meal and everything was delicious - if I could of licked the plate clean I would of.,1,0,0,0,0
1830,"Even after getting pushed out by the no-class Famous Ray's, Sal has risen again to carry on his father's uncle's legacies with a smile, true love for his community, and let's not forget the Outstanding Pizza!",1,0,0,0,0
1918,"We had crawfish boiled and despite making a mess, it was a ton of fun and quite tasty as well.",1,0,0,0,0
2930,I had very high expectations for this place and made a reservation a couple of months in advance for a special occasion.,0,1,0,0,0
887,What came to our table was burned beyond recognition and stringy.,1,0,0,0,0
3244,"So I've never actually been to M proper, but I've had it delivered a few times.",0,1,0,0,0
1478,"Among all of the new 5th avenue restaurants, this offers by far one of the best values for your money.",0,0,0,0,1
1413,"Frankly, when you compare what you can have here for lunch, versus McDs or so many other sandwich shops in the city, there is no comparison.",1,0,0,0,0
3129,The hostess is rude to the point of being offensive.,0,0,1,0,0
2306,The food is great.,1,0,0,0,0
2303,All conveniently delivered right to the door.,0,0,1,0,0
2513,even the wine by the glass was good.,1,0,0,0,0
809,would have rather tried terrace in the sky or water club for that price,0,1,0,0,1
141,This dish is my favorite and I always get it when I go there and never get tired of it.,1,0,0,0,0
3655,"I also ordered the Change Mojito, which was out of this world.",1,0,0,0,0
2098,Okay service.,0,0,1,0,0
2377,"The food was just awful, ATROCIOUS actually.",1,0,0,0,0
585,Good luck getting a table.,0,1,0,0,0
345,The service is awful.,0,0,1,0,0
3194,"I am not the most experienced person when it comes to Thai food, but my friend who took me there is.",0,1,0,0,0
2393,Regardless of whether there are two people or two hundred people ahead of you the hostess will take your name and tell you Five minutes.,0,0,1,0,0
1278,The pizza is good though.,1,0,0,0,0
2201,bottles of wine are cheap and good.,1,0,0,0,1
3541,They didn't give us the dinner special until we asked for it.,0,0,1,0,0
2078,I recently went to this restaurant with some co-workers for lunch and had an amazing time.,0,1,0,0,0
2158,Ess-A-Bagel (either by Sty-town or midtown) is by far the best bagel in NY.,1,0,0,0,0
1578,Our food was great too!,1,0,0,0,0
1319,"The most annoying thing, though, is the fact that the servers seem to be trained to drive revenue.",0,0,1,0,0
1115,"Please try the Filet Mignon, its just the most tender piece ever.",1,0,0,0,0
395,The sake menu should not be overlooked!,1,0,0,0,0
3102,the drinks are amazing and half off till 8pm.,1,0,0,0,1
984,i've been back to nha trang literally a hundred times for the beef cubes - they're that good.,1,0,0,0,0
999,"It is set far from the small street it's on, and there is no traffic noise.",0,0,0,1,0
247,Lived in Shanghai most of my life and thought the food was comparable to the flagship Green Bo restaurant there.,1,1,0,0,0
2649,This is a nice restaurant if you are looking for a good place to host an intimate dinner meeting with business associates.,0,1,0,0,0
2396,All the NYU students love this place so it makes for a fun young atmosphere.,0,0,0,1,0
841,"But, nothing stands out about the cooking.",1,0,0,0,0
298,I've been here 3 times for lunch and it is one of my favorites in the city.,0,1,0,0,0
2563,"I work near-by, and they have the BEST oatmeal in the neighborhood- not a packaged or quick-cooked item.",1,0,0,0,0
2790,Too bad the food wasn't of the same heritage.,1,0,0,0,0
3451,"overall, a solid restaurant and at less than $40pp (including wine), a solid deal as well.",0,1,0,0,1
1551,"Since it literally is a complete hole in the wall, it's a bit intimidating at first, but you get over that very quickly as soon as the friendly staff welcomes you - don't hesitate to ask for help with what to get.",0,0,1,1,0
3193,"The service is ok, some of the people didn't get what they asked for.",0,0,1,0,0
2212,If you want good authentic Thai this place is not the place to go.,1,0,0,0,0
3426,I recommend getting a reservation even though we saw people seated without one.,0,1,0,0,0
1138,The only thing I moderately enjoyed was their Grilled Chicken special with Edamame Puree.,1,0,0,0,0
1008,"You order from a menu, so you leave feeling like you missed the full experience.",0,1,0,0,0
2124,Staff is very accomodating.,0,0,1,0,0
1950,I went to Del Frisco's Friday night with my boyfriend for an 8:00 reservation.,0,1,0,0,0
1133,yourself a favor and have dinner here and see if you dont agree with me.,0,1,0,0,0
2434,This is an amazing place to try some roti rolls.,1,0,0,0,0
459,Fresh ingredients and everything is made to order.,1,0,0,0,0
152,Quick and friendly service.,0,0,1,0,0
2426,"They are tasty, but I suggest only eating one with meat because they tend not to mesh that well with the average American digestive system.",1,0,0,0,0
494,"Try the hot dogs too, they're snappy and delicious.",1,0,0,0,0
1033,Delivery is fast too.,0,0,1,0,0
2486,"The noise level was unbearable, conversation impossible.",0,0,0,1,0
2307,Personal pans are the perfect size for those hungry nights.,1,0,0,0,0
3255,One of the earlier people commenting on the restaurant did not get the that some experimenting is going on with the menu in a positive way.,0,1,0,0,0
318,The atmosphere is great if your looking for a laid back scene and an inexpensive way to spend a weekend afternoon.,0,0,0,1,1
198,"Odd for Ave B, not just odd, The place attracts an eclectic crowd to say the least.",0,0,0,1,0
1269,Instead of wasting your time here: SUPPORT RESTAURANTS THAT CARE ABOUT FOOD.,0,1,0,0,0
2062,just got back from lunch at Tamarind and it was excellent.,1,0,0,0,0
3557,"head and shoulders above its neighboors on east 6 st, taj mahal is also very comparable, in food quality, to the much overpraised (and underdeserving) baluchi's.",1,0,0,0,0
1957,Try the cheesecake!,1,0,0,0,0
998,The restaurant looks out over beautiful green lawns to the Hudson River and the Statue of Liberty.,0,0,0,1,0
2872,"My wife and I always enjoy the young, not always well trained but nevertheless friendly, staff, all of whom have a story.",0,0,1,0,0
2607,The sangria was pretty tasty and good on a hot muggy day.,1,0,0,0,0
1272,Don't eat here unless you're starving for thai food and you work next door.,0,1,0,0,0
572,I had the best ravioli ever.,1,0,0,0,0
2500,"While the menu isn't especially groundbreaking, everything I've tried so far has been well-executed and tasty.",1,0,0,0,0
45,Ive been here a bunch of times now and the service is always outstanding.,0,0,1,0,0
3217,"Quite frankly, this is some of the worst sushi I have ever tried.",1,0,0,0,0
1973,"The overall price tag was very very expensive, something I did expect.",0,0,0,0,1
925,The service was attentive.,0,0,1,0,0
2363,Fish was overdone.,1,0,0,0,0
985,also make sure you pay attention to the music being piped in - quite a weird selection.,0,0,0,1,0
1843,The establishment scores big points in presentation and style.,0,0,0,1,0
2102,"The rest of the dim sum, though pricey by Chinatown standards, is worth it.",1,0,0,0,1
2149,Good food.,1,0,0,0,0
964,"The wait staff is very friendly, if not overly efficient.",0,0,1,0,0
766,The dim sum however was very good.,1,0,0,0,0
2501,Service has always been friendly and efficient.,0,0,1,0,0
2786,Its a great place for a casual date or to entertain clients for lunch.,0,1,0,0,0
773,All we received was an apology as we left to see our show without dinner.,0,0,1,0,0
994,Prices are very good.,0,0,0,0,1
366,"We could not catch our waiter's eye, and he ignored us.",0,0,1,0,0
1270,Plain and simple it's bad thai food.,1,0,0,0,0
2097,Usually 3 vs. 4 items per dish.,1,0,0,0,0
3145,"The Dim Sum was so-so, but not spectacular.",1,0,0,0,0
790,The food was so-so.,1,0,0,0,0
9,"The waitress, seems to be more concerned of looking good than actually waitressing.",0,0,1,0,0
1933,Threw my fiance's surprise 30th birthday dinner here couldn't be happier.,0,1,0,0,0
1817,Food-awesome.,1,0,0,0,0
1749,"There was a small wait, but shorter than I expected.",0,1,0,0,0
3260,"May, the owner always has a smile on her and will warmly greet you.",0,0,1,0,0
1971,The sides were ok and incredibly salty.,1,0,0,0,0
2315,"Not a large place, but it's cute and cozy.",0,0,0,1,0
3669,"Please if your thinking about it go, and stay the wait you won't be disappointed.",0,1,0,0,0
3295,I must say the view of NYC is so beautiful!,0,0,0,1,0
1130,"If you'd like to have a nice light meal with an asian accent, Long Tan is a good place on the slope.",1,0,0,0,0
3694,black white shakes came out good also.,1,0,0,0,0
2721,It's simply the best meal in NYC.,0,1,0,0,0
954,After passing by this restaurant for sometime I finally decided to go in and have dinner.,0,1,0,0,0
2452,"The seating was if they were trying to get the maximum amount of people into the restaurant, so be nice to your neighbor when you dine here.",0,0,0,1,0
1055,Great bagels made the old-fashioned way.,1,0,0,0,0
1784,"This is some really good, inexpensive sushi.",1,0,0,0,1
823,"Also good for client lunch meetings, esp.",0,1,0,0,0
993,The setting is casual and romantic.,0,0,0,1,0
2840,"Terrible, terrible management - deserves to be shut-down.",0,0,1,0,0
2709,The desserts are more appealing then stuffy overpriced French restaurants.,1,0,0,0,0
1049,Mizu is home to creative and unique rolls not to found anywhere else.,1,0,0,0,0
102,"Emilio, the owner, is often sitting in the front table greeting guests as they come and go.",0,0,1,0,0
1362,"Really though, where's the seasoning?",1,0,0,0,0
554,The people that work there are always so friendly you forget you are in New York sometimes.,0,0,1,0,0
1103,"The dinner was ok, nothing I would have again.",1,0,0,0,0
1994,I love and I know gourmet food by excellence!,1,0,0,0,0
3322,He offers subpar service and has no personality.,0,0,1,0,0
2012,"While we thoroughly enjoyed the food, it was annoying to scream across the table for conversation.",1,0,0,1,0
3024,"The first time the sushi was outstanding, the second time it was a little bland.",1,0,0,0,0
1059,"delicious bagels, especially when right out of the oven.",1,0,0,0,0
3067,All the food was hot tasty.,1,0,0,0,0
1592,Our server was very helpful and friendly.,0,0,1,0,0
3191,Try green curry with vegetables.,1,0,0,0,0
2770,"First of all, this place is *not* romantic, as claimed by Citysearch's editorial review.",0,0,0,1,0
1989,"The second you walk through the heavy vault like door, with people anticipating your arrival you get the sense that you are going to have the dining ride of a lifetime.",0,0,1,1,0
445,Much more reasonably priced too!,0,0,0,0,1
1331,Why make a reservation if you aren't going to keep it?,0,0,1,0,0
2497,"The Pad Thai is excellent here, as well.",1,0,0,0,0
3039,I do not recommend lunch specials just because it tasts the same with other regular chinese restaurant.,1,0,0,0,0
1316,"The food is o.k., but not any better than what you get at a good neighborhood restaurant.",1,0,0,0,0
1577,I think the stuff was better than Disney.,0,0,1,0,0
908,"Orsay, is without a doubt one of the best values for authentic French food in NYC.",1,0,0,0,0
2170,The staff is no nonsense.,0,0,1,0,0
1579,And really large portions.,1,0,0,0,0
3515,This is a great Thai restaurant with a very friendly staff.,0,1,1,0,0
1873,I ordered the smoked salmon and roe appetizer and it was off flavor.,1,0,0,0,0
3575,"As we were leaving, the couple standing by the door said to another waiter, we're not in a hurry.",0,1,0,0,0
3381,"In fact, two people could really share one plate.",1,0,0,0,0
2507,The food is great and authentic.,1,0,0,0,0
2802,Good for casual dinner with jeans and sneakers.,0,1,0,0,0
3631,This place has many different styles of pizza and they are all amazing.,1,0,0,0,0
901,The photos of the restaurant in its web site are way better than the real look.,0,0,0,1,0
1242,But the coconut rice was good.,1,0,0,0,0
932,It took them 25 minutes to bring our appetizer.,0,0,1,0,0
776,The food was great.,1,0,0,0,0
2894,All of my co-workers stated that the food was amazing and wondered why they hadn't heard about this place.,1,0,0,0,0
833,Metrazur has a beautiful spot overlooking the main terminal.,0,0,0,1,0
539,The restaurant is rather small but we were lucky to get a table quickly.,0,0,1,1,0
3582,"But, they were too big for the bun.",1,0,0,0,0
275,Raga stands out with an interesting fusion of French and Indian cooking.,1,0,0,0,0
2152,The bagels are fabulous.,1,0,0,0,0
2171,The food options rule.,1,0,0,0,0
3462,A great choice at any cost and a great deal.,0,1,0,0,1
1293,"Their calzones are horrific, bad, vomit-inducing, YUCK.",1,0,0,0,0
3475,It takes forever to get a drink and they almost always forget to bring something (although they dont forget to charge you for it.,0,0,1,0,0
2893,"Saturday, Nov. 6th I had a group from work come in with about 35 people and the staff was amazing to accomodate us.",0,0,1,0,0
119,Check out the secret back room.,0,0,0,1,0
2817,"It's also attached to Angel's Share, which is a cool, more romantic bar...",0,0,0,1,0
2883,Stick to the gulab jamun.,1,0,0,0,0
3041,"We've only eaten in the restaurant once, but we have ordered many times for dinner.",0,1,0,0,0
2217,I would definitely recommend SEA if you like thai cuisine!,1,0,0,0,0
1707,"It is the type of place to run into old friends and have a late, raucus dinner.",0,1,0,0,0
667,Prices are in line.,0,0,0,0,1
134,The food is prepared quickly and efficiently.,1,0,0,0,0
1548,"The food is terrible and overall, I would have to say avoid at all costs.",1,0,0,0,0
1709,"Unfortunately, the food was NOT something to get worked up about.",1,0,0,0,0
1550,"It's constantly open, catering to the Pakistani cabbies lined up on Crosby St., so there's more turnover with the food than you'd expect (i.e., surprisingly fresh).",1,0,0,1,0
3305,I had Filet Mignon with garlic mash.,1,0,0,0,0
3116,"The waitstaff were attentive, polite and helpful - an impressive feat in such close quarters.",0,0,1,0,0
2081,"Yes, the prices are high, but I felt it was worth it.",0,0,0,0,1
2329,The owner truly caters to all your needs.,0,0,1,0,0
1827,He takes real pride in his food and his business.,1,0,1,0,0
3414,I cannot imagine better Indian food in all of the city.,1,0,0,0,0
2077,very good breads as well.,1,0,0,0,0
3554,"if this happens, just ask for real naan.",0,1,0,0,0
2439,This is a wonderful place on all stand points especially value ofr money.,0,0,0,0,1
2189,"Service is not exactly five star, but thats not really a big deal.",0,0,1,0,0
3573,There are other people waiting!,0,0,1,0,0
2811,Consistently good Japanese Tapas.,1,0,0,0,0
3563,We were in search of food and stumbled on this block of Indian restaurants on East Sixth Street.,0,1,0,0,0
1925,"Very excited to hear that short-term Chef Jason Narone has moved on, he truly was a low point of their Sterling track record.",0,1,0,0,0
2120,"We recently decided to try this location, and to our delight, they have outdoor seating, perfect since I had my yorkie with me.",0,0,0,1,0
770,We were told that the wait was about twenty minutes and there would be no problem for our 8:00 pm curtain call.,0,1,0,0,0
2451,The prices were fantastic.,0,0,0,0,1
710,"It's not mind-blowing, but to me, thai food never is and never will be.",1,0,0,0,0
2903,"i've been to sapphire twice and both times the food was fine, if not good.",1,0,0,0,0
1273,I love the fact that the pizza tastes so good and is so cheap.,1,0,0,0,1
590,Nicky the Nose at the bar is a treat.,0,0,1,0,0
179,"Service was prompt, friendly and great.",0,0,1,0,0
339,The sushi was awful!,1,0,0,0,0
3701,"Late nite omelletes are not good here, there is no variety!",1,0,0,0,0
3050,"After all that, they complained to me about the small tip.",0,0,1,0,0
1555,"Behind this counter, two men are squeezed in.",0,0,0,1,0
1124,"Our waitress was sweet and accomodating, not overbearing.",0,0,1,0,0
1690,I was really disappointed ant wanted to tell everyone not to go eat or even take out food from there.,0,1,0,0,0
788,The website and rating makes this place look wonderful but in reality it was very disappointing.,0,1,0,1,0
742,The outdoor atmosphere of sitting on the sidewalk watching the world go by 50 feet away on 6th avenue on a cool evening was wonderful.,0,0,0,1,0
1471,"A large is $20, and toppings are about $3 each.",0,0,0,0,1
3352,brick oven gallery is My pick for best pizza restaurant anywhere.,0,1,0,0,0
3393,"For many people, this may not seem like Aunthentic Thai food because most places in NYC arent quite authentic.",1,0,0,0,0
2157,"Growing up in NY, I have eaten my share of bagels.",0,1,0,0,0
3018,"Oh, don't even let me start with how expensive the bills were!",0,0,0,0,1
3292,Service is top notch.,0,0,1,0,0
3343,The food now is inconsistent.,1,0,0,0,0
3135,"You can also special order any kind of dumpling,etc.",0,1,0,0,0
2018,I was pretty much full after our fondue appetizer.,1,1,0,0,0
3551,BE CAREFUL before you request extra spice.,1,0,0,0,0
2355,The octopus eaters were floored by the Octopus salad.,1,0,0,0,0
2211,And the Tom Kha soup was pathetic.,1,0,0,0,0
2317,I started out with a Bombay beer which was big enough for two.,1,0,0,0,0
1609,Service was quick.,0,0,1,0,0
1057,Drawbacks: service is slow and they don't toast!,0,0,1,0,0
3188,Went there for an office lunch.,0,1,0,0,0
2041,The best thing I tasted were the lambchops.,1,0,0,0,0
284,Been going here since it opened have seen the quality value decrease considerably.,0,1,0,0,0
83,Reasonable prices.,0,0,0,0,1
2141,"Try the crunchy tuna, it is to die for.",1,0,0,0,0
1854,It won't break the bank but I also wouldnt come back for the food.,1,0,0,0,1
396,"All in all, this midtown gem instantly became one of my favorite sushi restaurants in the city.",0,1,0,0,0
2621,"No refills on fountain drinks, though.",1,0,0,0,0
605,Wow over 100 beers to choose from.,1,0,0,0,0
2017,Be careful of portions - they're HUGE.,1,0,0,0,0
2974,"The Steak Tartare is a great bet, they fix it for you at the table.",1,0,0,0,0
2456,My first time there I happened not to like the Crab Croquette apt that i ordered and they were happy to change it for me without making no big deal.,1,0,1,0,0
25,Great for large groups and celebrations - our SUPER HAPPY waiter was the entertainment of the evening.,0,1,1,0,0
520,Did I mention the wine?,1,0,0,0,0
3383,"Plus, on Wednesday nights the house wine is unlimited!",1,0,0,0,0
2522,like saying her bread comes from a special bakery when we have seen her buying it dowtown manhathan.,1,0,1,0,0
2386,The dim sum servings here are a bit larger than I'm used to.,1,0,0,0,0
717,We won't go to this place again for a good meal.,1,0,0,0,0
2015,My boyfriend and I recently had an early dinner at Artisanal and was satisfied with our experience.,0,1,0,0,0
1209,"Outstanding Bagels, but you get what you pay for.",1,0,0,0,1
1377,"I found it on a cold night, the perfect spot to warm up.",0,0,0,1,0
599,"Best Italian food I ever had (and being Italian, that means alot).",1,0,0,0,0
803,I will recommend Scopa to all of my friends for a place to go for wonderful Italian food.,1,0,0,0,0
1750,Located at the end of a magnificent block.,0,0,0,1,0
1007,They don't walk around with the trays of Dim Sum.,0,0,0,1,0
3702,They came out over cooked and the cheese was almost non existant.,1,0,0,0,0
703,"The svc can be a bit rude at times, esp if you have big group, but overall the restaurant is a must!",0,1,1,0,0
3241,But the main hit was the whole grilled fish.,1,0,0,0,0
2570,On a hot day it was fabulous to stop in and enjoy lunch.,0,1,0,0,0
1729,Pizza here is consistently good.,1,0,0,0,0
2984,Wouldn't recomend it for dinner!,0,1,0,0,0
1855,My husband and I enjoy Sangria.,1,0,0,0,0
3409,"But after last night, Spice Grill is the only place I'm eating indian cuisine.",1,0,0,0,0
428,"In an area sadly lacking in decent Thai food, this is one of the best spots.",1,0,0,0,0
3378,Tell them Herky sent you and get a free confused look from the waiter.,0,1,0,0,0
127,The noodle and rices dishes taste great.,1,0,0,0,0
427,The food's as good as ever.,1,0,0,0,0
3169,Also a little more expensive than your average bagel place.,0,0,0,0,1
2356,And the fried clams had just enough kick to them to make 'em worth eating.,1,0,0,0,0
1199,The sauces used are also not that exciting.,1,0,0,0,0
2090,"I got the $10 10-piece dim sum combo, every bite of which was great.",1,0,0,0,1
942,The prices are wonderfully low.,0,0,0,0,1
2398,I have never been disappointed but their true strength lays in their amazingly delicious and cheap lunch specials.,1,0,0,0,1
2025,No free drink.,0,0,0,0,1
1312,The two star chefs left quite some time ago to open their own place.,0,1,0,0,0
1565,Don't waste money on decor.,0,0,0,1,0
1659,I have never before eaten 40 pieces of relatively good nigiri.,1,1,0,0,0
457,I'd call it an 'italian dinner'.,0,1,0,0,0
531,Have frequented 'ino for several years and the food remains excellent.,1,1,0,0,0
450,"Their eggplant is so delicate, sweet tender!",1,0,0,0,0
3263,"Each bite of food at Kai was indeed delicious, fresh, and elegant.",1,0,0,0,0
2606,My friend got the mushroom pizza which tasted better.,1,0,0,0,0
1731,You should pass on the calamari.,1,0,0,0,0
1586,THE FOOD PORTIONS ARE REALLY LARGE.,1,0,0,0,0
1893,The fries are yummy.,1,0,0,0,0
2290,Best Taiwanese food in NY!,1,0,0,0,0
736,This place is a great stop for great food.,1,0,0,0,0
3279,And the prices were way to high for what you get.,0,0,0,0,1
1792,The staff ignored my friends and I the entire time we were there.,0,0,1,0,0
166,"Yet paired with such rude service, would never recommend for anyone interested in carrying any kind of conversation while there.",0,0,1,0,0
2425,"I need at least three rolls to be full, and that's at least $14.00!",0,0,0,0,1
1037,"While the food was excellent, it wasn't cheap (though not extremely expensive either).",1,0,0,0,1
2288,Beef noodle soup is good as well.,1,0,0,0,0
2585,Delivery service is great too.,0,0,1,0,0
1378,I recieved prompt service with a smile.,0,0,1,0,0
438,They pray to their Food Gods to make them into a good pizza like VT's.,1,0,0,0,0
232,The place was quiet and delightful.,0,0,0,1,0
3489,"As much as I like the food there, I can't bring myself to go back.",1,1,0,0,0
3600,It looked like shredded cheese partly done - still in strips.,1,0,0,0,0
1183,The soup is pretty good too.,1,0,0,0,0
2663,It is so easy to get a reservation at a top place in NYC with a week's notice.,0,1,0,0,0
1118,"If you go to Roth's try to be served by Mike, he is GREAT!!",0,0,1,0,0
502,We were very surprised by how good the food was on our first visit here on a Sunday night.,1,0,0,0,0
1287,I live in the neighborhood and my friends meet me down here not only for the bar scene but also the promise of The Pizza Place at 3am.,0,1,0,0,0
1094,The food is amazing!!!!,1,0,0,0,0
700,"For the price, you cannot eat this well in Manhattan.",1,0,0,0,1
1014,The atmosphere is great!!!,0,0,0,1,0
405,"I tend to judge a sushi restaurant by its sea urchin, which was heavenly at sushi rose.",1,0,0,0,0
487,The pickles were great addition.,1,0,0,0,0
3410,You must try the shrimp appetizers.,1,0,0,0,0
1991,"The production is a symphony, alot of fun to experience.The food sublime for the most part.",1,1,0,0,0
3587,"my wife and i have been going to nyc for years and wouldn't miss roxy,s food is expensive but it's new york!",0,1,0,0,1
2294,The cold appetizer dishes taste like the way I remember them to taste when I was growing up in Taiwan.,1,0,0,0,0
1680,"The restaurant was packed at first, so we waited at the bar for about 20 minutes before we were seated.",0,1,0,0,0
483,"While there are plenty of places to go for a good corned beef sandwich, Katz's has a charm about it.",1,0,0,0,0
359,"However, looking at the table next to ours, we both sort of wished we had ordered pizza, which looked PERRRRRRRRRFECT.",1,0,0,0,0
2795,Priced at upper intermediate range.,0,0,0,0,1
342,"The fish was adequate, but inexpertly sliced.",1,0,0,0,0
2544,I don't know who they think they are but they have no respect for the residents of the neighborhood ever since they opened their cabaret next door and blasts loud music till three in the morning every weekend during the summer.,0,1,0,1,0
3703,They used shredded cheese on top!,1,0,0,0,0
1677,"The only positive was the wait staff, which was prompt, knowledgable, and likeable.",0,0,1,0,0
2554,I couldn't reccommend their Godmother pizza any higher.,1,0,0,0,0
1412,"I am not a vegetarian but, almost all the dishes were great.",1,0,0,0,0
2251,I was very impressed by this low-key upper eastsider and their authentically thai cuisine!!!,1,0,0,1,0
3531,My friend's food was also the complete opposite of what it's supposed to taste like (aND look like).,1,0,0,0,0
1869,I would like to return and try some of the other menu items when I don't have to rush off to a show.,1,0,0,0,0
3243,"Hopefully next time, I will save room for dessert.",1,0,0,0,0
2316,"Not a typical pizza joint, but good for a low key and fairly cheap nice sit down dinner.",1,0,0,0,1
486,The corned beef was tender and melted in my mouth.,1,0,0,0,0
3469,"The best Chicken pad tai, I've ever had.",1,0,0,0,0
1662,$20 for all you can eat sushi cannot be beaten.,0,0,0,0,1
528,Warm and friendly in the winter and terrific outdoor seating in the warmer months.,0,0,0,1,0
2640,We got a little tipsy from the sake but isn't that what Saturday nights with the girlfriends are all about?,0,1,0,0,0
1176,"I almost wanted to write a bad review, so no one would ever go here and I could have all the dumplings to myself!",1,0,0,0,0
3643,"Always a nice crowd, but never loud.",0,0,0,1,0
3111,"The service is spotty, sometimes really friendly and sometimes barely there.",0,0,1,0,0
1340,Decor is minimalist and clean - nothing to distract or commend.,0,0,0,1,0
1111,"His drinks are very inventive, delicious and classy.",1,0,0,0,0
3259,This isn't your corner Chinese food takeout.,0,1,0,0,0
3040,"Try ordering from the regular menu, then you would not regret!",1,0,0,0,0
513,"Told us to sit anywhere, and when we sat he said the table was reserved.",0,0,1,0,0
3011,"uni from maine vs california, sea vs freshwater eel) to get a good taste comparison.",0,1,0,0,0
3248,"The crispy chicken wasn't for us, though.",1,0,0,0,0
3291,Food is great.,1,0,0,0,0
3127,This place is incredibly tiny.,0,0,0,1,0
1904,"I didn't complain, I liked the atmosphere so much.",0,0,0,1,0
1006,I've been to several places for Dim Sum and this has got to be the WORST.,1,1,0,0,0
2003,Dinner took almost 4 hours without any lag time.,0,1,0,0,0
1041,The people in the restaurant were pretty obnoxious and loud.,0,0,0,1,0
1089,"The sandwiches are dry, tasteless and way overpriced.",1,0,0,0,1
3710,Price no more than a Jersey deli but way better.,0,0,0,0,1
663,The fried rice is really good too.,1,0,0,0,0
1532,Made my dining experience uncomfortable.,0,1,0,0,0
1509,"still stay away, the table next to us walked out after my table and aanother were serves eventhough they were there much longer...",0,0,1,0,0
2220,I was with a party of 7 (close but not next the the front doors) and we were eating with our coats on.,0,0,0,1,0
518,"A very inviting restaurant, with friendly service.",0,0,1,1,0
3639,We also had shared a house salad that was fresh.,1,0,0,0,0
2852,The ceiling is amazing!,0,0,0,1,0
2964,Not a small feat for good french food in the area.,1,0,0,0,0
28,Food was average but tasty.,1,0,0,0,0
131,Big Wong gets big Ups for a fine establishment.,0,0,0,1,0
1580,The staff was the friendliest that have seen in New York.,0,0,1,0,0
2279,"Overall, I'm still impressed that the place even exists and the prices are quite decent but then again, its Chinatown.",0,1,0,0,1
2975,"Admittedly some nights inside the restaurant were rather warm, but the open kitchen is part of the charm.",0,0,0,1,0
3496,Pizza was a little soggy.,1,0,0,0,0
3321,The only problem is that the manager is a complete incompetent.,0,0,1,0,0
699,The wine list is interesting and has many good values.,1,0,0,0,0
1370,I'm still mad that i had to pay for lousy food.,1,0,0,0,0
3340,This restaurant used to be our regular Thursday night dinner location.,0,1,0,0,0
3334,Definite go if you're used to good Indian restaurant food from abroad.,1,0,0,0,0
2463,"THR AT MOSHPHERE IS COMPACT, MODERN, YET COZY.",0,0,0,1,0
2297,"By far, the best pizza in Manhattan.",1,0,0,0,0
2538,"The food is mostly made from scratch, fresh and well prepared.",1,0,0,0,0
3060,"Worse of all, $60 was erroneously added to our $80 bill.",0,0,1,0,0
2071,Try the sea bass.,1,0,0,0,0
1054,"But they don't have a toaster, which is strange.",0,0,1,0,0
1040,"So, for good food i'd recommend it, but not for a fun night out.",1,0,0,1,0
1324,A must for all the Dosa lovers.,1,0,0,0,0
2365,Someone else recommended the dessert - we also left that.,1,0,0,0,0
264,The exotic food is beautifully presented and is a delight in delicious combinations.,1,0,0,0,0
731,"Try the mediterranean salad, it is a true experience for your taste buds!!",1,0,0,0,0
1564,People are always friendly.,0,0,1,0,0
744,Service was prompt and courteous.,0,0,1,0,0
3665,"Chance is a small cozy restaurant, with a romantic feel to it, the decor is great.",0,0,0,1,0
1128,"It was nice and fresh, but I can't give it high scores on being authentic thai.",1,0,0,0,0
566,"Got club soda, filled with ice, no lime.",0,0,1,0,0
3434,"Oh, and the complimentary pudding dessert was just enough- yummy!",1,0,0,0,0
626,We were walking around the village and went into this place just for some drinks.,0,1,0,0,0
1673,Decent wine selection too.,1,0,0,0,0
2637,I have to say I have never had a disapointing meal here.,1,0,0,0,0
2193,But the thai is definitely not great -- bland and indistinguished.,1,0,0,0,0
1660,Stuffing yourself with Japanese food is a rare thing.,1,0,0,0,0
1575,Our family never expected such incredible entertainment in a restaurant.,0,0,0,1,0
2908,i would recommend reservations on weekends though.,0,1,0,0,0
1608,Great pizza for lunch place.,1,0,0,0,0
377,We were a group of 8 and well seved.,0,1,1,0,0
2841,"I'm no food critic, but I'd like to think I have a tiny bit of experience under my belt having lived in NY for the last 11 years.",0,1,0,0,0
1418,I noted it was crossed off on the bill.,0,1,0,0,0
814,The food was absolutely amazing!!,1,0,0,0,0
3435,Mermaid Inn is an overall good restaurant with really good seafood.,1,1,0,0,0
664,The staff is also attentive and friendly.,0,0,1,0,0
1644,The all you can eat deal is truly amazing here.,0,0,0,0,1
2101,They were such a rip-off ($8.95 for four small meat patties in steamed buns) and not worth trying.,1,0,0,0,1
1594,The food was good too.,1,0,0,0,0
3572,"Immediately after we paid, the waiter took the money and said, okay, you guys are outta here.",0,0,1,0,0
789,The menu is nothing like the one on the website.,1,0,0,0,0
3661,We walked in on a Wednesday night and were seated promptly.,0,0,1,0,0
3682,"The wait staff is very freindly, they make it feel like you're eating in a freindly little european town.",0,0,1,0,0
978,The food has been consistant for years and it never lets you down.,1,0,0,0,0
1029,I found the variety of the sashimi plate to be satisfying - fresh and yummy.,1,0,0,0,0
3470,"And forget what you read under me, the atmosphere isn't that bad either.",0,0,0,1,0
2223,The food was spicy and delicious.,1,0,0,0,0
1339,Went for a late weekday lunch.,0,1,0,0,0
1140,"Anyways, if you're in the neighborhood to eat good food, I wouldn't waste my time trying to find something, rather go across the street to Tamari.",1,0,0,0,0
1174,"Although the place could be a little more eye catching and roomier, at the same time, it doesn't really matter.",0,0,0,1,0
1216,Great place to grab a hot bagel on the way to work.,1,0,0,0,0
1856,We were looking forward to nice glass of Sangria when we arrived.,1,0,0,0,0
3318,I would highly recommand requesting a table by the window.,0,1,0,0,0
401,"The service, however, was a bright flower in a garden.",0,0,1,0,0
2944,We've been to Grocery three times and not once has an item on the menu disappointed.,1,0,0,0,0
1344,A touch more jalapeno heat for contrast and it would have been very good indeed.,1,0,0,0,0
1840,The location is perfect.,0,0,0,1,0
3536,The lunch special is an asbolute steal.,0,0,0,0,1
1363,This food is asian-air fusion.,1,0,0,0,0
558,There are a few Italian employees who may not speak the best English but for me that adds to the experience.,0,0,1,0,0
2042,Not worth the prices.,0,0,0,0,1
1114,From the moment you enter till the moment you walk out the friendly and helpful staff was was just Fantastic.,0,0,1,0,0
3276,She gets 10 for her excellent service and advice.,0,0,1,0,0
960,The restaurant is a bit noisy but that is something that can be overlooked once you sit down and enjoy a great meal,1,0,0,1,0
3555,"being a fan of spicy ethnic foods, indian included, i made friends with this place long ago.",1,0,0,0,0
696,"I have eaten at Saul, many times, the food is always consistently, outrageously good.",1,1,0,0,0
768,"If your visiting, you'll enjoy the ambiance and the fact that it's in Time Sq...",0,0,0,1,0
3636,"We were on our way back to NJ, and since I am in NY, we figured why not grab some food?",0,1,0,0,0
3695,sandwiches tho pricey are over stuffed - can serve 2 persons easily thus cost effective!,0,0,0,0,1
524,LOVE the atmosphere - felt like I was in Paris.,0,0,0,1,0
801,Every course was better than the next.,1,0,0,0,0
266,The staff is incredibly helpful and attentive.,0,0,1,0,0
1986,"If presentation and service is your thing, then this magic show works.",0,0,1,0,0
1240,"Apparently, the good cook works then.",1,0,0,0,0
1787,The Yellowtail was particularly good as well.,1,0,0,0,0
2412,"Spice is sleek, modern and cool with a menu that will not hurt your wallet.",0,0,0,1,1
714,Very affordable and excellent ambient!,0,0,0,1,1
3002,"More important, the sushi rivals the best in Tokyo.",1,0,0,0,0
2616,I have never had cheescake like this.,1,0,0,0,0
2969,"Bill a little high, but worth it.",0,0,0,0,1
2410,"My co-workers had to wait almost an hour for delivery, only to discover that what they got was not what they ordered.",0,0,1,0,0
3206,Its a go-to for dates as well as entertaining out of town guests.,0,0,0,1,0
837,Why do people rave about the ambience.,0,0,0,1,0
1244,Were meeting up with some friends for a drink at Lafayette 161 and happened to walk by Thai Angel famished.,0,1,0,0,0
348,Great sushi experience.,1,0,0,0,0
2039,They charge $6.00 for rice.,0,0,0,0,1
2990,My steak au poivre was one of the worst I've had.,1,0,0,0,0
811,The place was real empty but that was because this was the first Sunday they ever opened.,0,0,0,1,0
3236,You get the sense that the people there care about their restaurant and about your experience and that is very nice.,0,0,1,0,0
1606,"Both are delicious, the cooks are friendly and are willing to take a moment and speak to you and shake your hand.",1,0,1,0,0
300,My friend ordered some of their special sushi rolls which had excellent presentation and tasted great!,1,0,0,0,0
2361,"To celebrate a birthday, three of us went to Mare anticipating great food.",0,1,0,0,0
1317,"But for whatever reason, prices are about twice as high.",0,0,0,0,1
1281,Great atmoshere and worth every bit.,0,0,0,1,0
3456,The staff was knowledgeable and full of personality.,0,0,1,0,0
1738,Great staff.,0,0,1,0,0
1901,"Great vibe, lots of people.",0,0,0,1,0
215,Wine list is not huge but def well selected.,1,0,0,0,0
536,"Be sure to try the seasonal, and always delicious, specials.",1,0,0,0,0
1355,"Drinks got screwed up, she acted put upon.",0,0,1,0,0
1173,"At 5 dumplings for $1, you just cannot go wrong.",0,0,0,0,1
1470,But the pizza is way to expensive.,0,0,0,0,1
2457,"And the staff is also young, energeic and hot!!!!",0,0,1,0,0
1595,We had a wonderful meal at Naples 45 a month ago on a visit to NYC.,1,0,0,0,0
2150,Good drink.,1,0,0,0,0
2010,We had a girls' night dinner here for restaurant week.,0,1,0,0,0
255,My chow fun and chow see was really bland and oily.,1,0,0,0,0
3282,The grilled cheese at home afterwards was better.!!,1,0,0,0,0
2219,The red sliding doors may be unique but they do not block off the cold air from the outside.,0,0,0,1,0
1910,"The food is expensive, but worth every bite.",1,0,0,0,1
2247,In summer-eat outside on a terrace (another great feature of Suan)!!!,0,0,0,1,0
1959,We did have to wait at the bar for approx.,0,0,1,0,0
1837,"Good, fast service.",0,0,1,0,0
1296,They charge different prices all the time.,0,0,0,0,1
2245,"I was in love with Pongsri on 48th, but compared to Suan it is slow in service and overpriced.",0,1,1,0,1
1916,"It's charmingly small and that leads to an atmoshere that is extremely cozy and romantic, even.",0,0,0,1,0
343,It is obvious that no one in the restaurant has any idea about or experience with Japanese cuisine.,1,0,0,0,0
2508,Love the Jazz bands on Fri and Sat.,0,0,0,1,0
492,The servers give you some sample slices of your order while you wait (shortly I might add).,0,0,1,0,0
1886,The service was ok.,0,0,1,0,0
3512,"When asked about how a certain dish was prepared in comparison to a similar at other thai restaurants, he replied this is not Mcdonald's, every place makes things differently While it is understandable that every place is indeed different, there was not a need to be uncourteous to customers and downright rude.",0,1,1,0,0
3156,"Don't expect to sit down inside though, there are only a few tables and they are always full.",0,0,0,1,0
2797,it's the only place you can get yummy authentic japanese comfort food.,1,0,0,0,0
409,We took advanatage of the half price sushi deal on saturday so it was well worth it.,0,0,0,0,1
158,We were fast to order the appetizer platter since we were very hungry.,0,1,0,0,0
3186,"The staff are attentive, and have smiles on their faces.",0,0,1,0,0
2125,"Largest and freshest pieces of sushi, and delicious!",1,0,0,0,0
3371,Even the pasta is delicious here (a rarity in New York pizza restaurants).,1,0,0,0,0
1546,"Maybe I say so because it looked promising for people who like artery-clogging jewish deli food, but turns out to be poorly run and awful.",1,1,1,0,0
753,After my 3rd time the manager remembered me and treated me like an usual customer.,0,0,1,0,0
3165,now if they could only get a toaster.,0,1,0,0,0
1767,Fish is so very fresh.,1,0,0,0,0
968,"Top spot in town for Vietnamese classics, better than places that cost a lot more.",1,0,0,0,1
2300,less wait time for me!,0,0,1,0,0
1039,"The decor is really blah, and not at all hip or happening.",0,0,0,1,0
3138,"Having discovered Ping's on the internet, we entered with qualms but were instantly put to ease by the fish tanks that greet you as u walk in.",0,1,0,1,0
1547,It appears to be the owner's first venture and it shows.,0,1,0,0,0
2597,"I come from a family of pizzeria owners, and I'm almost ashamed to say that the pizza in Fornino's blows my families receipies away.",1,0,0,0,0
939,The food was authentic.,1,0,0,0,0
337,The worst excuse for Japanese food I've ever encountered.,0,1,0,0,0
1329,"We had reservations at 9pm, but was not seated until 10:15pm.",0,1,1,0,0
3198,We had Pam's special fried fish and it was amazing.,1,0,0,0,0
3325,There is no excuse for such lousy service!,0,0,1,0,0
3608,"So, a little inconsistency there but either way, both pizzas were really good.",1,0,0,0,0
3203,"Overall the restaurant is more expensive than our other sushi favorites, but everything was delicious.",1,0,0,0,1
3499,Not enough wines by the glass either.,1,0,0,0,0
694,I had the duck breast special on my last visit and it was incredible.,1,0,0,0,0
831,I must say it's a little pricey for the food because it was not as spectacular as the view.,0,0,0,0,1
844,No gimmicks here -- the food speaks for itself in its freshness and preparation.,1,0,0,0,0
551,"We were worried we would have trouble getting in, but somehow managed to have a short wait.",0,1,1,0,0
3709,My wife had the fried shrimp which are huge and loved it.,1,0,0,0,0
1704,One should not go to Lucky Strike for the food.,1,0,0,0,0
2253,Try the green curry!!!,1,0,0,0,0
124,The food there are sastifying.,1,0,0,0,0
2657,"Last memorial day, I tried to make reservations but was told they were closed that weekend (interesting, but...).",0,1,1,0,0
920,The food was good.,1,0,0,0,0
2408,"at night, but it's hard to hear your own conversation with everyone else competing for that same luxury - the music playing in the background is also voluminous.",0,0,0,1,0
304,I have enjoyed everything I have ever gotten and the fish is so fresh and always prepared in a great way.,1,1,0,0,0
3154,I love to visit Murrays for my bagel fix.,0,1,0,0,0
921,The place was nice and calm.,0,0,0,1,0
532,Cheese plate is a varied delight and great bargain at $10.,1,0,0,0,1
1972,I could have drank 4 glasses of water and still been parched - so watch out.,1,0,0,0,0
553,"When we sat, we got great and fast service.",0,0,1,0,0
1681,"Most of the servers are very attentive, friendly and quite attractive.",0,0,1,0,0
1734,Service is average.,0,0,1,0,0
2295,I am reluctant to write because I would not want my jem of a pizza place to become overcrowded.,0,1,0,0,0
1768,Waitstaff are very friendly.,0,0,1,0,0
3690,Will have to return to try the chocolate!,0,1,0,0,0
2163,Our first time in New York and we had to try a New York Bagel.,0,1,0,0,0
3443,service was efficient courteous.,0,0,1,0,0
2154,They are the best bagels I've had.,1,0,0,0,0
426,"Toons has recently been redone, so it's now a very attractive space.",0,0,0,1,0
2651,"We arrived for dinner expecting to be impressed by a place that has an impressive past - but, that's just it -- the PAST!",0,1,0,0,0
718,"However, I think this place is a good hang out spot.",0,0,0,1,0
523,The wine list is extensive and impressive.,1,0,0,0,0
1497,We had the most wonderful waitress.,0,0,1,0,0
2861,"While the staff at this little bistro is very friendly, I have never experienced more incompetency.",0,0,1,0,0
3001,The staff is courteous and friendly.,0,0,1,0,0
1045,Make sure you have the Spicy Scallop roll.. .,1,0,0,0,0
2895,I would highly recommend this place to anyone who is looking for a fine Indian dining experience that is definitely a value for your dollar.,1,1,0,0,1
59,And even with it's Pub atmosphere they were great to my kids too!,0,0,0,1,0
1650,This big draw is the all you can sushi here for $19.95!,0,0,0,0,1
208,The specials are usually quite good too.,1,0,0,0,0
609,Really cool stauff inside.,0,0,0,1,0
602,The best burger I have had in the Village.,1,0,0,0,0
909,We visited Orsay during NY Restaurant Week and tried their $35 menu.,0,1,0,0,0
661,There is usually a wait but it is well worth it.,0,1,0,0,0
2532,Your money could easily be better spent elsewhere (Anywhere).,0,1,0,0,0
552,As always we had a great glass of wine while we waited.,1,0,0,0,0
1722,"The wait staff is pleasant, fun, and for the most part gorgeous (in the wonderful aesthetic beautification way, not in that she's-way-cuter-than-me-that-b@#$* way).",0,0,1,0,0
509,Service was very good and warm.,0,0,1,0,0
3629,It's just O.K. pizza.,1,0,0,0,0
2620,"The service was a bit slow, but they were very friendly.",0,0,1,0,0
46,The food is above average for midtown and sligtly better than some of the other Heartland Breweries in the city.,1,0,0,0,0
656,Thius is a must for anyone who loves Shabu-Shabu.,1,0,0,0,0
1301,The food was absolutely horrible!,1,0,0,0,0
1559,Food doesn't appear to be cooked on premisis but there's a high turnover so its pretty fresh.,1,0,0,0,0
3539,"Similar to other Indian restaurants, they use the dinner special to attract customers at the door.",0,1,0,0,0
2643,"The crackling calamari salad, which is usually a cheap disaster at many restaurants, is crispy and lightly dressed.",1,0,0,0,0
1655,"Not the greatest sushi place, but excellent for a $19.95 all you can eat.",1,0,0,0,1
1935,"Shockingly easy to throw a group dinner here: simple contract, deposit only to hold the date the entire 2nd fl mezz for our grp of 20.",0,1,0,0,0
1254,The Thai ice tea was amazingly smooth and yummy!,1,0,0,0,0
3021,We've never had any problems with the staff but maybe we've been lucky?,0,0,1,0,0
2230,What I didn't like was how the food came right after it was ordered.,1,0,0,0,0
574,Moderate prices.,0,0,0,0,1
3229,I think I've had some the best meals of my life at minnow.,1,0,0,0,0
1852,My biggest complaint was the un-tasty food although presented well.,1,0,0,0,0
2070,"Most importantly, food is excellent.",1,0,0,0,0
335,"The best part of the experience was knowing that the manager (a bubbly, friendly young woman with a great smile) truly cared about how we were doing.",0,0,1,0,0
149,It's great to go for a quick lunch either alone or with a friend.,0,1,0,0,0
452,Waiters are slow but sweet.,0,0,1,0,0
1323,The music is the best among all the Indian restaurants I have visited.,0,0,0,1,0
2906,instead ordered an ice cold beer which to me works with indian.,0,1,0,0,0
1322,one of the best Chicken Tikka Masala.,1,0,0,0,0
184,"The kitchen however, is almost always slow.",0,0,1,0,0
1328,"Also, the hostess called me today to thank us for coming and mentioned how she hoped that my girlfriend enjoyed her birthday - unexpected, but a truly above and beyond thing to do...",0,0,1,0,0
3588,people are rude bit again it's new york!,0,0,1,0,0
1473,The pizza is overpriced and soggy.,1,0,0,0,1
1675,"For the quality of food, a little too expensive.",1,0,0,0,1
3220,Here's to the fake fish tanks too...,0,0,0,1,0
2395,Its worth the wait though.,0,1,0,0,0
2063,we decided to eat in tea room which was small and cute.,0,0,0,1,0
2691,What an amazing meal and experience!,1,1,0,0,0
350,Unique apppetizers.,1,0,0,0,0
2892,"The staff has always been attentive and kind, and I've always been amazed at how they've handled all the various different group sizes that come in.",0,0,1,0,0
3227,IT is the best deal in town for a Monday night dinner at a fine restaurant.,0,0,0,0,1
3184,The Thai food is good.,1,0,0,0,0
379,Acceptable prices.,0,0,0,0,1
3005,we were seated at the sushi bar in front of yasuda.,0,1,0,0,0
3035,"As I made the title, it's an affordable restaurant for great taste.",1,0,0,0,1
2233,Definitely not worth the price!,0,0,0,0,1
2965,It's easy to get a table for a large group and you don't get hustled out.,0,0,1,0,0
3314,If you've ever been along the river in Weehawken you have an idea of the top of view the chart house has to offer.,0,1,0,1,0
2799,and you can't beat the prices.,0,0,0,0,1
1668,Should you happen to be impressed by the cuisine definitely try it.,1,0,0,0,0
3264,"I had the black cod with yuzu sauce, which was wonderful.",1,0,0,0,0
2922,Prices too high for this cramped and unappealing resturant.,0,0,0,1,1
1357,Total hipster-wannabe attitude in an otherwise sweet spot.,0,0,1,1,0
2190,Downstairs lounge is always a good attraction,0,0,0,1,0
136,The takeout is great too since they give high quality tupperware as well.,0,0,1,0,0
2483,Could be pricey without a prix fixe meal.,0,0,0,0,1
2366,One of us actually liked the expresso - that's it.,1,0,0,0,0
3275,"Again, the waitress was awesome.",0,0,1,0,0
799,"The food was just OK, I would never go back.",1,1,0,0,0
2923,Zero ambiance to boot.,0,0,0,1,0
3392,i recommend the thai popcorn :),1,0,0,0,0
800,My fiance took me to Scopa last week for my birthday and I couldn't believe the food.,1,1,0,0,0
896,Ummm...the beer was cold.,1,0,0,0,0
894,"Even with the prix fixe pricing, this restaurant is not worth it.",0,1,0,0,0
3253,"Good to find a restaurant where the owners have some imagination and they have actually pulled it off, like in this case.",0,1,0,0,0
2411,"However, their popularity has yet to slow down, and I still find myself drawn to their ambiance and delectable reputation.",0,1,0,1,0
265,It is also extremely well priced.,0,0,0,0,1
1739,Always great service!,0,0,1,0,0
2057,I am happy i did the food was awsome.,1,0,0,0,0
834,A bit breezy up there on the mezzanine from the wind coming from the tracks.,0,1,0,1,0
1968,I went to DF for Valentines Day dinner.,0,1,0,0,0
1583,I LOVED THE SHOWS.,0,1,0,1,0
3377,"Then, get ripped on free box wine.",1,0,0,0,1
2886,My wife and I ate here earlier this week and have not stopped ranting and raving about the food.,1,1,0,0,0
3565,"As there were so many to choose from we wandered up and down the street looking in the windows and such noticicing many empty seats ,except at Taj Mahal.",0,1,0,0,0
1691,Good food.,1,0,0,0,0
2631,"I have had so many dinners here and it's always been perfect - on a date with my husband, with my mom, with girlfriends and larger groups.",0,1,0,0,0
1979,"When you want a piece of beef, head on over.",1,0,0,0,0
3137,"Also, if you don't want to sit at a certain table, you don't have to!",0,1,1,0,0
1167,As soon as I wake up on a saturday or sunday it is the first thing on my mind is when and how I will be getting to fried dumpling.,0,1,0,0,0
2997,Delicious crab cakes too.,1,0,0,0,0
36,This was the worst dining experience I've ever had.,0,1,0,0,0
2087,Just bring someone who speaks Cantonese because waiter may not understand you.,0,0,1,0,0
3150,"Food was okay, nothing great.",1,0,0,0,0
1799,Every waitress and customer who passed by me bumped into my chair.,0,1,0,0,0
657,"Always popular, always full, always a wait.",0,0,0,1,0
1433,It is run by the same Sichuan chef who started the chain in Chinatown.,0,1,0,0,0
2833,"I can't wait for summer, when they serve outside on their gigantic patio.",0,0,0,1,0
3267,"If you are someone who appreciates the same things but hope to have food to spare or share, Kai may not be the best option.",1,0,0,0,0
3098,go here for the drinks!,1,0,0,0,0
273,We had a party in their private room and they made it truly memorable and were very helpful in the planning.,0,0,1,0,0
1563,Authentic Pakistani food.,1,0,0,0,0
910,"Service was very good - prompt, attentive and non-intrusive.",0,0,1,0,0
2440,An excellent service,0,0,1,0,0
1570,"The food however, is what one might expect.",1,0,0,0,0
2244,I LOVE their Thai noodles with shrimp and chicken and coconut juice is the MUST!,1,0,0,0,0
3606,The pizza was really good.,1,0,0,0,0
1454,"The only possible drawback to this last point is that as of the date of this posting, the additional menu items are only written in Chinese.",0,1,0,0,0
3543,"Food is average, and I would say even the chain restaurant Baluchi's tastes better.",1,0,0,0,0
30,The bartender on my most recent visit was so incredibly rude that I will never go back.,0,0,1,0,0
429,"For authentic Thai food, look no further than Toons.",1,0,0,0,0
1612,Have the iced tea.,1,0,0,0,0
1303,There are much better places in NY with better prices.,0,1,0,0,1
1313,I ate here a week ago and found most dishes average at best and too expensive.,1,0,0,0,1
415,I've waited over one hour for food.,0,0,1,0,0
3268,The ambience is very calm and quiet.,0,0,0,1,0
1100,"Both times I was extremely dissappointed by the service, which was boarderline rude.",0,0,1,0,0
3345,"not only does make the best pizza in NY , maybe anywhere.",1,0,0,0,0
1942,Our waiter and all of the people helping him were attentive and genuine.,0,0,1,0,0
153,This is one of the best comfort food places in the city.,1,0,0,0,0
3585,I had a huge pastrami sandwich on a roll.,1,0,0,0,0
2419,This is the pinnacle of Indian Fast Food (all fast foods in my opinion).,1,0,0,0,0
97,The wine list is also really nice.,1,0,0,0,0
1067,"Compared to Ess-a, Tal offers a less doughy bagel!",1,0,0,0,0
98,Ballato's is consistently delicious authentic italian food.,1,0,0,0,0
2006,"The service was attentive, yet discreet.",0,0,1,0,0
1190,You have to increase the service a lot.,0,0,1,0,0
1275,Nothing better than buying a snapple for $3.25 too.,0,0,0,0,1
2330,"When family came in he gave them apps to test their palets, and then ordered for them.",0,0,1,0,0
308,"After a seafood craving, i checked citysearch and chose to go to Fish based on a previous review and the citysearch info.",0,1,0,0,0
1157,Right off the major deegan you get ladies from all over the city.,0,0,0,1,0
2394,Until you realize that their five minutes is meaningless and your wait may be anywhere from two to twenty minutes it may be frustrating.,0,0,1,0,0
1129,"The food was very good, but not very thai.",1,0,0,0,0
1900,Had a late night dinner on a Saturday night.,0,1,0,0,0
2184,Their sake martini is wonderful.,1,0,0,0,0
1151,"Well, this place is so Ghetto its not even funny.",0,0,0,1,0
2550,Once they ran out of Gnochi and made it for me from scratch!,0,1,0,0,0
3635,We would like to thank Marcelo and Grace for a wonderful dining experience!!!,0,1,0,0,0
2778,"Found service above average, but that could be because we were 13 of us.",0,1,1,0,0
1227,"Bagels are ok, but be sure not to make any special requests!",1,0,0,0,0
2577,fine dining restaurant quality.,1,0,0,0,0
2666,Overall a disappointing experience for that price category.,0,1,0,0,1
1409,"I've had the lunch buffet at Chennai a couple of times, when I have been in the neighborhood.",0,1,0,0,0
956,The food was exceptional.,1,0,0,0,0
711,(and I have eaten my share) Which impresses me for having such a large amount of people to serve.,0,0,1,0,0
2228,"Sure, the setting is nice.",0,0,0,1,0
2773,Slightly above average wines start at $70+ with only one selection listed at $30+.,1,0,0,0,1
2147,I recommend this place to everyone who asks me where to go for a good meal.,0,1,0,0,0
3174,Won't or Can't is not in the service directory.,0,0,1,0,0
3413,I cannot imagine a friendlier staff working in a restaurant.,0,0,1,0,0
1954,I do suggest to ask to be seated upstairs if you are looking to be a little cozy.,0,1,0,1,0
689,"Saul is pretty good, but definitely not great.",1,0,0,0,0
3580,"I would recommend Roxy's for that, but not for their food.",1,1,0,0,0
3524,We always get a sampling of appetizers and share.,0,1,0,0,0
424,Their pad penang is delicious and everything else is fantastic.,1,0,0,0,0
676,"The flavors are very fresh and pretty inobtrusive, nothing flashy.",1,0,0,0,0
7,"I like Cafe Noir dont get me wrong, it is jsut that the people who work there are evil and incompetent!!",0,0,1,0,0
1596,"Our son loves pizza and we have a certified Neapolitan pizzaria in our home city (Seattle), we liked this nearly as much - and the differences were more about personal preference than any reflection on either restaurant.",0,1,0,0,0
1232,big and soft as well as good lunch food.,1,0,0,0,0
2529,"As for the bar, this is another bad idea.",1,0,0,0,0
1217,"Unlike HH up the block, this place actually gives you hearty and hot bagels this town is known for.",1,0,0,0,0
2644,The barebecued salmon is elegantly spiced and not at all dry.,1,0,0,0,0
2812,"Same owner as the guy who owns Typhoon, which is just down the street on St. Marks and 1st Ave.",0,1,0,0,0
1028,What generous portions!,1,0,0,0,0
1082,"So, the menu is written in chalk above your head and it all sounds delicious.",1,0,0,1,0
1080,The highly spiced chai tea was great too.,1,0,0,0,0
752,"I have been there many times, and food is good and consistent.",1,0,0,0,0
1641,"Seriously, this is the best all you can eat in town- As everyone says, the Spicy Tuna hand rolls are the best- have 4 of these, and you've broken even.",1,0,0,0,0
872,I would highly recommend this place to anyone looking for a casual atmosphere that whisks you away to the left bank of the river Seine.,0,1,0,1,0
2086,The meat dishes were only so-so.,1,0,0,0,0
1724,"But the best part about LS is the late night atmosphere, delightfully free of the BTs.",0,0,0,1,0
2080,We even had a visit from the Manager who wanted to make sure we were enjoying ourselves.,0,1,1,0,0
866,The staff there is very attentive and down to earth.,0,0,1,0,0
931,It took them 15 minutes to put water in our glasses.,0,0,1,0,0
1205,This is the best sushi in new york city - hands down.,1,0,0,0,0
3603,I have eaten a lot of pizza here.,0,1,0,0,0
2567,Great value for the quality ingredients.,1,0,0,0,1
1419,"The Thali was small, thoroughly unremarkable, and $14.95.",1,0,0,0,1
305,The sushi is also great!,1,0,0,0,0
1931,Truly the mark of an attentive waiter.,0,0,1,0,0
181,"The food here is rather good, but only if you like to wait for it.",1,0,1,0,0
3080,The food is inventive but still keeps traditional indian flavoring.,1,0,0,0,0
1465,"though the service could be better (possibly due to more than one very large group in the house), it is very cordial and warm, as is the general clientele.",0,0,1,1,0
1544,This is a cute place and could be good but they need to get their act together.,0,1,0,1,0
2161,The lox is always fresh too.,1,0,0,0,0
1341,Service was very friendly.,0,0,1,0,0
3468,So all I'm trying to say is this restaurant is by far the best thai food restaurant I've ever been to.,1,1,0,0,0
1011,We actually left hungry and went across the street to Wo Hop at 15 Mott street for some good chinese food.,1,1,0,0,0
14,"The whole set up is truly unprofessional and I wish Cafe Noir would get some good staff, because despite the current one this is a great place.",0,0,1,0,0
557,The service does sometimes lack focus and it is not ideal if you are in a hurry but I have never been treated rudely.,0,0,1,0,0
2404,"The place is sleek, modern and playfull and i will return again frequently.",0,0,0,1,0
2206,"After being told that our party of three would be seated in 10 minutes and watching other parties (multiples of 2 and higher) seated for 40 minutes, the three of us were squished into a small 2-person table.",0,1,1,0,0
1010,And the bill was outragous.,0,0,0,0,1
2994,"Kind, attentive wait staff.",0,0,1,0,0
2572,Salads were fantastic.,1,0,0,0,0
3491,The food is authentic Italian - delicious!,1,0,0,0,0
2909,skip dessert.,1,0,0,0,0
3172,I complete the total bagel experience by having it lightly toasted.,0,1,0,0,0
1795,It was like the servers forgot that they actually worked there and instead wanted to hang out and be cool.,0,0,1,0,0
1276,A great way to make some money is to buy a case of snapple from Costco and sell it right outside for only $2.50.,0,1,0,0,0
730,It's all about the food !!,1,0,0,0,0
1870,Fast service.,0,0,1,0,0
1460,"The decor is nice, but more casual than fine dining.",0,0,0,1,0
307,This restaurant is a wonderful place to go many times and it is reasonably priced.,0,1,0,0,1
1625,The only thing the waiters don't do for you is wipe your chin when you leave.,0,0,1,0,0
3047,"We, there were four of us, arrived at noon - the place was empty - and the staff acted like we were imposing on them and they were very rude.",0,0,1,0,0
3108,"The food is good, but very expensive for the casualness of it.",1,0,0,0,1
3439,The only fallback on this restaurant is the prices.,0,0,0,0,1
1604,I've been to Naples 45 for dinner twice.,0,1,0,0,0
351,Try sushimi cucumber roll.,1,0,0,0,0
988,The food is delicious.,1,0,0,0,0
246,Yeah Shanghai is also great but not quite as good -- they use the same amount of salt but without sweetness to balance out.,1,1,0,0,0
1771,"believe us, we've been eating sushi for over 15 yrs.",0,1,0,0,0
1394,The atmosphere is much better than Sripraphai (more modern and sleek).,0,0,0,1,0
2159,"The bagels always warm, soft on the inside, crispy on the outside and enormous in size.",1,0,0,0,0
1708,"I had a late dinner at Lucky Stike, a great name for a joint if ever I saw one.",0,1,0,0,0
1061,Service is fast and friendly.,0,0,1,0,0
3136,from an English speaking staff.,0,1,0,0,0
1906,My husband and I enjoyed each of the 6 taste size portions and left completely full.,1,0,0,0,0
2700,"I went here with a friend on a whim, we went someplace else first and couldn't get a table.",0,1,1,0,0
2781,"We all ate pasta entre'es, which were great.",1,0,0,0,0
2038,The food was boring and expensive.,1,0,0,0,1
130,The service is ok but could be better.,0,0,1,0,0
3510,I was here a few weeks back and we had the worst customer service experience at a restaurant ever.,0,1,1,0,0
512,"Took my mom for Mother's Day, and the maitre d' was pretty rude.",0,1,1,0,0
195,"If the weather is nice, try to snag an outside table.",0,0,0,1,0
2623,"If you are looking for a good quality, cheap eats - this is the place.",1,0,0,0,1
2172,When I lived upstate for a while I would buy freeze the bagels and they would still be better than any else.,1,0,0,0,0
941,The service was excellent - friendly and attentive.,0,0,1,0,0
214,"Waitstaff is great, very attentive.",0,0,1,0,0
560,The dinner menu is diverse and top-notch as well.,1,0,0,0,0
2461,IT IS WHAT MODERN CUISINE IS ALL ABOUT.,0,1,0,0,0
2468,"I don't like Indian food too much and this was delicious, however you want to factor that into the equation.",1,0,0,0,0
3558,"at taj, vegetarians can rejoice-all the dishes are manna from heaven.",1,0,0,0,0
2093,I won't go back unless someone else is footing the bill.,0,0,0,0,1
2153,"We live in New Jersey and whenever we go into New York City we buy bagels to eat hot and then to freeze (they told me that if I call in the order, they'd bring it out to the car so I wouldn't have to look for parking).",0,0,1,0,0
1156,Jimmy's is hands down the hottest night spot in the Bronx.,0,0,0,1,0
2359,"The $300 bill was a bit steep, but the experience was great.",0,0,0,0,1
1715,I would definitely go back -- if only for some of those exotic martinis on the blackboard.,1,0,0,0,0
2088,Decor leaves something to be desired.,0,0,0,1,0
185,"Also, specify if you like your food spicy- its rather bland if you don't.",1,0,0,0,0
2610,Coming from Boston this place is like Emma's Pizza in Kendall Square in Cambridge (although they have more funky toppings!),0,1,0,0,0
3089,"Oh yes, and if you are a fan of Indian oldies film stars, there are plenty of portraits of Indian actors and actresses in classic black white that adorn the walls, some of which, I would love to know where they obtained.",0,0,0,1,0
490,If you are in search of the most authentic NYC deli experience look no further than the famous and historic Katz's Deli down on the Lower East Side.,0,1,0,0,0
3245,"Even upon delivery, their juicy pork buns are quite good . .",1,0,0,0,0
164,The entire place and the treatment we received felt as a conveyor belt.,0,0,1,1,0
1480,Joe's Pizza used to have the best slice until this pizzeria opened up.,0,1,0,0,0
3663,And they provided a delicious dessert on the house!,1,0,1,0,1
3250,"They are still living in the dark ages and do not have an answering machine, so if you want to make a reservation you are limited.",0,0,1,0,0
3073,"Food was very good, but not what I would consider out of this world.",1,0,0,0,0
1839,Food is great and inexpensive.,1,0,0,0,1
1756,The price very reasonable.,0,0,0,0,1
29,"Dessert - can't be missed, so save room!!!",1,0,0,0,0
484,"It can be a little confusing as to where one goes to order, but once the food is ordered, you are in for a treat.",1,0,0,0,0
2574,Ingredients are organic which is a real plus for me.,1,0,0,0,0
3595,It was so bad I actually refused to pay for my food.,1,1,0,0,0
3633,"The service was superb, they treat you like family.",0,0,1,0,0
1186,"It only took about five or so minutes to get an empty table, but standing up wasn't too bad.",0,0,1,0,0
3224,"The menu may be small, but everything on it is delicious.",1,0,0,0,0
2341,We arrived on time for our reservation and seated promptly.The,0,1,1,0,0
2004,"I would definitely go back for a very special occasion, but not for regular fine dining.",0,1,0,0,0
644,"The well mannered, pleasant staff that Tony has in his employ.",0,0,1,0,0
2007,The flavors robust and subtle.,1,0,0,0,0
3107,"I would never wait for a table to eat, it just is not THAT great.",0,1,0,0,0
580,"We concluded with tiramisu chocolate cake, both were delicious.",1,0,0,0,0
1295,The counter service is bad.,0,0,1,0,0
997,"This is such a lovely, peaceful place to eat outside.",0,0,0,1,0
1601,They have some great entrees here as well.,1,0,0,0,0
2195,The service is not consistently excellent -- just decent.,0,0,1,0,0
2252,"They do cater to American palates, but if you like it hot let them know and they are more than willing to oblige!",1,0,1,0,0
1794,"Oh, but wait, we were out of drinks (which were also delightfully overpriced).",1,0,0,0,1
1163,The service is fantastic.,0,0,1,0,0
1109,The garlic mashed potatoes are hands down the best in the city!,1,0,0,0,0
934,The lamb meat was under-cooked and EXTRMELY CHEWY.,1,0,0,0,0
2199,The best pad thai i've ever had.,1,0,0,0,0
390,i would just ask for no oil next time.,0,1,0,0,0
1428,I went there for lunch and it was not as good as I expected from the reviews I read.,0,1,0,0,0
1417,I ordered a Lassi and asked 4 times for it but never got it.,0,0,1,0,0
3159,Their coffee is quite good too!,1,0,0,0,0
2838,"They are not helpful in the least and will give you the grand run around so by the time the event date rolls around you will not only regret chosing this place, but also become hostile!",0,0,1,0,0
3149,I had to ask her three times before she finally came back with the dish Ive requested.,0,0,1,0,0
2780,"Normally that would be improper, however they were all delicious and my host did not complain.",1,0,0,0,0
1782,Taxan delicious!,1,0,0,0,0
3419,"Southern Indian cuisine is still there, too.",1,0,0,0,0
468,"Restaurant snobs need not bother, this is a small, neighborhood kind of place.",0,1,0,0,0
2655,They couldn't even make a salad that was appealing.,1,0,0,0,0
3570,For two people with tip was less than $25 bucks.,0,0,0,0,1
2129,Killer Sushi!,1,0,0,0,0
206,Of course the reason its so packed is because the food is so delicious!,1,0,0,0,0
3365,The jukebox plays everything from Italian Opera to The Strokes.,0,0,0,1,0
2742,Plus they made a perfect martini.,1,0,0,0,0
278,I am not sure if I would call the food here Indian as it is a fusion of what seems to be French with an Indian or exotic touch.,1,0,0,0,0
3183,"I've eaten thai many times, and am very familiar with the cuisine.",0,1,0,0,0
817,The waiter was attentive.,0,0,1,0,0
353,Their Margarita is best I've had since I've returned from Naples!,1,0,0,0,0
213,The tastes makes your mouth water for more.,1,0,0,0,0
2979,The food was actually aweful.,1,0,0,0,0
2263,We went around 9:30 on a Friday and it had died down a bit by then so the service was great!,0,0,1,0,0
1902,"My husband and I both ordered the Steak, medium.",1,1,0,0,0
1693,Owner must have coem on this website to give himself credit.,0,1,0,0,0
1496,Turned out there was full service upstairs and sat down.,0,1,0,0,0
2387,Several of the dim sum orders had about 6-8 pieces.,1,0,0,0,0
2382,If you have a dumpling fetish i suggest you try some here!,1,0,0,0,0
3117,And the food was fantastic.,1,0,0,0,0
1483,"They're also friendlier here, especially the owner, Kenny.",0,0,1,0,0
3487,I've lived in NYC all my life and had never before seen so many waterbugs in one place (except in a really bad dream).,0,1,0,1,0
1086,You can even get packages of the chutneys to stock your fridge!,1,0,1,0,0
722,"I like the ambience, it's very dark and original.",0,0,0,1,0
3685,"Overall, not worth the money.",0,0,0,0,1
346,This place is not worth the prices.,0,0,0,0,1
2672,We left after one drink.,0,1,0,0,0
1231,Pick a bagel has the best bagels in the city.,1,0,0,0,0
1676,"You are paying for the atmosphere, which is nice, but can be had in numerous places in Bay Ridge.",0,0,0,1,0
1699,The fried dumplings are GREAT!,1,0,0,0,0
147,This place has the best Chinese style BBQ ribs in the city.,1,0,0,0,0
2051,Ive been here so many times the waiters know my name.,0,1,0,0,0
862,The decor is very simple but comfortable.,0,0,0,1,0
3364,This is the perfect date spot for Williamsburg couples.,0,1,0,0,0
2083,The dim sum here is only so-so.,1,0,0,0,0
1411,"$6 and there is much tasty food, all of it fresh and continually refilled.",1,0,0,0,1
1566,"Just straight up cheap, good food.",1,0,0,0,1
126,Seating is ok even though sometimes there's alot of people.,0,0,0,1,0
2714,They have a very diverse menu so its something for everybody.,1,0,0,0,0
2428,"As a long-time patron of Mamoun's, I always figured that I had found the best late night food spot in the city.",0,1,0,0,0
2165,The bagel was huge.,1,0,0,0,0
1207,Get the tuna of gari.,1,0,0,0,0
1416,Edible but really a ripoff at those prices given whats in the area.,1,0,0,0,1
2748,The service was the only thing good about this restaurant.,0,0,1,0,0
1818,Service- friendly and attentive.,0,0,1,0,0
3072,Service was very prompt but slightly rushed.,0,0,1,0,0
441,"Yeah, sometimes the service can be slow.",0,0,1,0,0
2948,There was no ambiance.,0,0,0,1,0
1373,DO not try unless you're just going there to hang out like the rest of the hipsters who apparently have no sense of taste.,0,1,0,1,0
917,Service was also very good.,0,0,1,0,0
1325,"I took my girlfriend there for her birthday last night and we had a relaxing, really good meal.",0,1,0,0,0
1528,I'm happy to have Nosh in the neighborhood and the food is very comforting.,1,1,0,0,0
2796,love the food.,1,0,0,0,0
822,All the desserts the group tried got favorable reviews.,1,0,0,0,0
2256,There's something smooth about sipping sake upper east side style.,0,1,0,0,0
2321,It's a nice place to relax and have conversation.,0,0,0,1,0
2611,Best Reuben sandwich ever!,1,0,0,0,0
1716,Lucky Strike is a great casual place to just grab a bite to eat.,1,0,0,0,0
1003,Wonderful strawberry daiquiries as well!,1,0,0,0,0
1614,"Going to Volare is like going to your favorite aunt's house for dinner, assuming that your aunt is a great Italian cook.",0,1,0,0,0
508,Frites were delicious if a bit on the thick side.,1,0,0,0,0
785,Here you get the zen feel without feeling rigid.,0,0,0,1,0
140,I fell in love with the egg noodles in the beef broth with shrimp dumplings and slices of BBQ roast pork.,1,0,0,0,0
3162,"Overall, the best bagel in town.",1,0,0,0,0
969,"Light, refreshing summer rolls (not fried) remind me of Vietnamese places in Paris.",1,0,0,0,0
407,The sushi seemed pretty fresh and was adequately proportioned.,1,0,0,0,0
922,but the service was a bit slow.,0,0,1,0,0
352,"When I saw that their website had a link to da Ciro in Napoli, I knew there was going to be good pizza!",0,1,0,0,0
888,No one asked what was wrong as we left with nothing touched on our plates.,0,0,1,0,0
2121,Indoor was very cozy and cute.,0,0,0,1,0
2289,The service is good and the resturant is clean.,0,0,1,1,0
2478,Just stick with the small dishes!,1,0,0,0,0
1642,I've rarely had a problem with slow staff in the 10 years I've been going.,0,0,1,0,0
1766,Food is excellent.,1,0,0,0,0
2323,Excellent lunch buffet for only $6.95.,1,0,0,0,1
2281,"If you're not familiar with the cuisine, you may encounter problems ordering here and be sure to bring plenty of cash with you as they don't accept credit cards.",0,1,0,0,0
2571,"Ambience is so cute and quaint, good for business although we were there on vacation.",0,0,0,1,0
2350,My boyfriend ate tuna and it was cooked perfectly!,1,0,0,0,0
1158,"Good food at the restaurant (a bit expensive, but great if you want to impress your date).",1,0,0,0,1
2285,You can't say its cheap because food is cheaper in Chinatown.,0,0,0,0,1
3254,I have eaten there 3-4 times and the food was always good.,1,0,0,0,0
2216,"I wasn't thrilled to have to wait on line for thirty minutes, but I guess that's the price you pay for a popular place.",0,1,0,0,0
1467,"great eats, good times.",1,1,0,0,0
970,"Grilled whole fish wonderful, great spicing.",1,0,0,0,0
2314,The service was great as well.,0,0,1,0,0
1395,Another plus is most of the entrees are approx.,0,1,0,0,0
3457,From the moment we walked in they were more than accomodating even though the place was packed.,0,0,1,1,0
3177,We ate at this Thai place following the reviews but very unhappy with the foods.,1,1,0,0,0
2931,"The food is definitely good, but I left a bit disappointed.",1,1,0,0,0
2309,There is a downside if you're ordering in -- the delivery guys have MAJOR attitude.,0,0,1,0,0
2785,The all-Italian staff is warm and engaging from the start.,0,0,1,0,0
2472,If you go here - your focus should be the Tamarind Margaritas.,1,0,0,0,0
260,The filet mignon dish was superb!,1,0,0,0,0
2807,This place is the most Japanese it can ever get.,0,0,0,1,0
3120,"The food is good, I can't lie.",1,0,0,0,0
3590,"great food, lt's of it, more then one person can eat!",1,0,0,0,0
1778,"The atmosphere is nothing special, but it feels like a Sushi establishment in Tokyo.",0,0,0,1,0
47,This place is worth going even if only for their beer.,1,0,0,0,0
2100,"Do not get the Go Go Hamburgers, no matter what the reviews say.",1,0,0,0,0
479,The sandwhiches are out-of-this world!,1,0,0,0,0
3379,"If you live in Upper Manhattan, Siam Square is THE place for Thia food.",0,1,0,0,0
1733,Decor is charming.,0,0,0,1,0
1885,The food was very well prepared.,1,0,0,0,0
418,"The food arrived 20 minutes after I called, cold and soggy.",1,0,1,0,0
871,"If you go for the pre-theatre menu, it's an even greater deal.",0,0,0,0,1
2546,"Little Tonino's is just awesome, our favorite delivery place in Kennsington, honestly the best Gnochi I have ever had!",1,0,0,0,0
2712,I have been about 4 times and have always had a great meal.,1,0,0,0,0
1170,I go back in line like three times on average until I can't walk anymore.,0,1,0,0,0
1326,They treated us well and the food was extremely fresh and well-prepared.,1,0,1,0,0
3171,THE BIG COMPLAINT: NO TOASTING AVAILABLE.,1,0,0,0,0
1627,"Volare virgins or weekly regulars, everyone gets treated the same and you can't ask for more than that when the service is this friendly.",0,0,1,0,0
2390,We saw them heating up at least one frozen item though I'm not sure which dim sum dish it was.,1,0,0,0,0
3467,No you're going to go back because the food was good.,1,1,0,0,0
3583,"Consequently, their burgers fell apart in their hands and made such a mess that they did'nt feel like finishing them.",1,1,0,0,0
3581,My son and his girlfriend both wanted cheeseburgers and they were huge!,1,0,0,0,0
2435,I really recommend the very simple Unda (Egg) rolls.,1,0,0,0,0
943,Very good wine choices.,1,0,0,0,0
2516,"This is the only Thai place I go too in NYC, it's wonderful, and live relaxed Jazz on certain nights.",0,0,0,1,0
3647,We were seated and ignored by waitstaff.,0,0,1,0,0
1540,They showed up 15 minutes after the tuna melt.,0,0,1,0,0
732,"The burger was great, also.",1,0,0,0,0
1610,The pizza was great.,1,0,0,0,0
1139,I had never had Edamame pureed before but I thought it was innovative and tasty (could've used a bit more salt).,1,0,0,0,0
1808,"however, it's the service that leaves a bad taste in my mouth.",0,0,1,0,0
2933,"When we notified him that he didn't mention the specials, he didn't apologize but let us know that we made a very good decision regardless.",0,0,1,0,0
3362,Kenny the owner is always there and he treats my family like we are part of his family.,0,0,1,0,0
2652,"The restaurant is dark and not very attractive and then you have spot lights shining on you putting you in the worst light possible, reaching for sunglasses.",0,0,0,1,0
444,Veal Parmigana - Better than Patsy's!,1,0,0,0,0
3494,Went to Ottimo and was expecting outstanding pizza (as I love La Pizza Fresca).,0,1,0,0,0
1770,honestly the worst sushi my husband and i had in our entire lives.,1,0,0,0,0
3103,"Ask for Usha, the nicest bartender in manhattan.",0,0,1,0,0
482,A wonderful place!,0,1,0,0,0
1851,Service was on par but not wonderful.,0,0,1,0,0
2608,Kind of a small place but I guess if they are not too busy might be able to fit a group or kids.,0,0,0,1,0
137,This place is always very crowded and popular.,0,0,0,1,0
897,My wife and I went to Orsay for Valentine's dinner.,0,1,0,0,0
2794,They should have called it mascarpone with chocolate chips-good but a far cry from what the name implies.,1,0,0,0,0
2114,"we were tired and cold when we got to the restaurant, then we sat down to begin ordering appetizers.",0,1,0,0,0
1447,He was terribly thirsty after the meal too.,1,0,0,0,0
402,"I wasn't there for the Half-Price Saturday Night Special, but Tuesday Night.",0,1,0,0,0
2403,I have to say that if this what makes it easier to get a saet a lunch- I dont mind.,0,1,0,0,0
810,My family and I ate here last night for our annual Christmas dinner with the family members who would rather spend the holidays with friends out-of-town.,0,1,0,0,0
2169,I grew up on these bagels.,0,1,0,0,0
564,We were told that they were booked solid and no other table was available.,0,0,1,0,0
1908,The restaraurant is very small so reservations are a must.,0,1,0,0,0
2553,After dealing with subpar pizza all over the Kensington neighborhood - I've found little toninos.,0,1,0,0,0
2739,I'm partial to the Gnocchi.,1,0,0,0,0
2937,they were able to squeeze me in at 6 after i called the night before my anniversary for a friday night reservation and told me they'd treat us well for the occasion.,0,1,0,0,0
1420,"Note that they do not serve beer, you must bring your own.",0,0,1,0,0
2259,We ate outside at Haru's Sake bar because Haru's restaurant next door was overflowing.,0,1,0,0,0
2378,"The service was typical short-order, dinner type.",0,0,1,0,0
1735,I can't believe people complain about no cheese sticks?,0,1,0,0,0
